id,type,kind,source,licence,w_m,d_m,h_m,status,expected,reasons,fixes,title
abo_B0718WYQ8D,bed_single,furniture,abo,CC-BY-4.0,0.9981,1.9629,0.8048,pending,keep?,,,"Amazon Brand - Movian Aveyron Single Bed Frame, 195 x 100 x 80cm, Pink"
abo_B073WR319C,bed_single,furniture,abo,CC-BY-4.0,1.0248,1.9076,0.64,pending,keep?,,,"AmazonBasics Foldable, 14"" Metal Platform Bed Frame with Tool-Free Assembly, No Box Spring Needed - Twin"
abo_B075Y184L3,bed_single,furniture,abo,CC-BY-4.0,1.0379,2.1522,1.0465,pending,keep?,,,"AmazonBasics Faux Leather Upholstered Platform Bed Frame with Wooden Slats, Twin"
abo_B07H8V14CZ,bed_single,furniture,abo,CC-BY-4.0,0.99,2.14,0.92,pending,vision?,,,Movian Moselle.
abo_B07H8V7MQS,bed_single,furniture,abo,CC-BY-4.0,0.9901,2.1399,0.9201,pending,vision?,,,Movian Moselle.
abo_B0856FL9HR,bed_single,furniture,abo,CC-BY-4.0,0.9611,1.902,0.6161,pending,keep?,,,"Amazon Brand – Rivet Modern Solid Pine Wood Platform Bed, Twin, 38.39""W, Antique Espresso"
abo_B086TFXK75,bed_single,furniture,abo,CC-BY-4.0,0.991,1.9304,0.967,pending,keep?,,,"AmazonBasics Metal Bed with Modern Industrial Design Headboard - 14 Inch Height for Under-Bed Storage - Wood Slats - Easy Assemble, Twin"
gen_bed_single_classic_1_dbac0f10,bed_single,furniture,generated,"generated (TRELLIS.2-4B, MIT)",1.1917,1.6783,1.0823,removed,removed,"proportions 1.19 x 1.68 x 1.08 m fit no real bed_single (width (0.8, 1.2), depth (1.8, 2.2), height (0.25, 1.6))",,Generated classic bed single (1)
gen_bed_single_industrial_1_9f087076,bed_single,furniture,generated,"generated (TRELLIS.2-4B, MIT)",1.0975,1.8224,0.9841,pending,vision?,,,Generated industrial bed single (1)
gen_bed_single_japandi_1_35dff430,bed_single,furniture,generated,"generated (TRELLIS.2-4B, MIT)",1.2608,1.5863,0.6709,removed,removed,"proportions 1.26 x 1.59 x 0.67 m fit no real bed_single (width (0.8, 1.2), depth (1.8, 2.2), height (0.25, 1.6))",,Generated japandi bed single (1)
gen_bed_single_mediterranean_1_c9d313b4,bed_single,furniture,generated,"generated (TRELLIS.2-4B, MIT)",1.2126,1.6493,0.8567,removed,removed,"proportions 1.21 x 1.65 x 0.86 m fit no real bed_single (width (0.8, 1.2), depth (1.8, 2.2), height (0.25, 1.6))",,Generated mediterranean bed single (1)
gen_bed_single_mediterranean_2_8f745c9f,bed_single,furniture,generated,"generated (TRELLIS.2-4B, MIT)",1.081,1.8502,0.9529,pending,vision?,,,Generated mediterranean bed single (2)
gen_bed_single_minimal_1_738c07ed,bed_single,furniture,generated,"generated (TRELLIS.2-4B, MIT)",1.0506,1.9037,0.876,pending,vision?,,,Generated minimal bed single (1)
gen_bed_single_modern_1_cb4f07bd,bed_single,furniture,generated,"generated (TRELLIS.2-4B, MIT)",1.1695,1.7102,0.81,pending,vision?,,,Generated modern bed single (1)
gen_bed_single_modern_minimal_1_5c05505b,bed_single,furniture,generated,"generated (TRELLIS.2-4B, MIT)",1.2907,1.5652,0.7515,removed,removed,"proportions 1.29 x 1.57 x 0.75 m fit no real bed_single (width (0.8, 1.2), depth (1.8, 2.2), height (0.25, 1.6))",,Generated modern minimal bed single (1)
gen_bed_single_rustic_1_db9b30c6,bed_single,furniture,generated,"generated (TRELLIS.2-4B, MIT)",1.17,1.7093,0.8765,pending,vision?,,,Generated rustic bed single (1)
gen_bed_single_rustic_3_20248be5,bed_single,furniture,generated,"generated (TRELLIS.2-4B, MIT)",1.1013,1.816,0.8596,pending,vision?,,,Generated rustic bed single (3)
gen_bed_single_scandinavian_1_8060783a,bed_single,furniture,generated,"generated (TRELLIS.2-4B, MIT)",1.2375,1.6161,0.7151,removed,removed,"proportions 1.24 x 1.62 x 0.72 m fit no real bed_single (width (0.8, 1.2), depth (1.8, 2.2), height (0.25, 1.6))",,Generated scandinavian bed single (1)
objaverse_6eb4212e70b941a3bd2db196a47828b9,bed_single,furniture,objaverse,CC-BY-4.0,1.1135,1.7961,0.6906,removed,removed,the title says lowpoly: not photoreal,,Lowpoly Bed
objaverse_b547d81073b64d3e97200fd3ae9a74af,bed_single,furniture,objaverse,CC-BY-4.0,1.0,2.107,0.9185,pending,keep?,,,Bed - Sample
abo_B0154VUESC,bed_double,furniture,abo,CC-BY-4.0,1.72,2.06,0.8,pending,keep?,,,"Amazon Brand - Movian Loue Bed Frame with Headboard, 160 x 200cm, White/Light Brown Oak-Effect"
abo_B01M0ZVGCQ,bed_double,furniture,abo,CC-BY-4.0,1.45,1.95,0.6291,pending,vision?,,,Movian Belaya
abo_B01N6AQX0A,bed_double,furniture,abo,CC-BY-4.0,1.5199,2.0364,0.46,removed,removed,the title says luchtbed: not the object,,"Intex Premaire Luchtbed met Fiber Tech-technologie, nieuwe geïntegreerde elektrische pomp met gegevens en USB, PVC, grijs, 152 x 203 x 46 cm"
abo_B071FJR4FW,bed_double,furniture,abo,CC-BY-4.0,1.6284,2.1099,1.423,pending,keep?,,,"Amazon Brand – Stone & Beam Glenwood Industrial Metal Accent Bed, Queen, 84.5""L, Oak"
abo_B071W2SCTJ,bed_double,furniture,abo,CC-BY-4.0,1.7647,2.2182,1.4871,pending,keep?,,,"Amazon Brand – Stone & Beam Glenwood Industrial Metal Accent Bed, King, 86""L, Oak"
abo_B072PWGSZL,bed_double,furniture,abo,CC-BY-4.0,1.6002,2.1844,1.27,pending,keep?,,,"Amazon Brand – Rivet Ventura Mid-Century Louvered Queen Bed, 86""L, Cherry"
abo_B075QDMWTP,bed_double,furniture,abo,CC-BY-4.0,2.0422,2.377,1.5153,pending,keep?,,,"Amazon Brand – Rivet Payton Mid-Century Modern Tufted King Bed with Headboard, 82"" W, Natural"
abo_B075Z8767S,bed_double,furniture,abo,CC-BY-4.0,1.6961,2.2761,1.4173,pending,keep?,,,"Amazon Brand – Stone & Beam Bateman Casual Rustic Wood Platform Bed Frame with Tall Headboard, King, 81""W, Brown"
abo_B07B4YNHSN,bed_double,furniture,abo,CC-BY-4.0,1.7034,2.3294,1.4151,pending,keep?,,,"Amazon Brand – Stone & Beam Tisbury Nailhead Trim Queen Bed, 66""W, Fresh Pewter"
abo_B07B4Z9Q3S,bed_double,furniture,abo,CC-BY-4.0,1.6981,2.3867,1.4272,pending,keep?,,,"Stone & Beam Prudence Tufted King Bed, 84""W, Spinnsol Cocoa"
abo_B07BBWMPJM,bed_double,furniture,abo,CC-BY-4.0,1.49,2.0693,1.0998,pending,keep?,,,"Amazon Brand - Movian Corona Double Bed, 4 ft 6, High Foot End Bed Frame, Solid Pine Wood"
abo_B07GFDZW5W,bed_double,furniture,abo,CC-BY-4.0,1.622,1.96,0.8,pending,vision?,,,Movian Havel
abo_B07GFFR415,bed_double,furniture,abo,CC-BY-4.0,1.4,1.8999,0.5611,pending,keep?,,,"Amazon Brand - Movian Constance Lift-Up Double Bed Frame with Storage, 190 x 140 x 31.5cm, Light Brown Oak-Effect"
abo_B07L1DDXLR,bed_double,furniture,abo,CC-BY-4.0,1.5849,2.0726,0.8229,pending,keep?,,,Amazon Brand - Solimo Aquilla Engineered Wood Queen Bed (Wenge Finish)
abo_B084ZBDPG5,bed_double,furniture,abo,CC-BY-4.0,1.6729,2.135,1.2527,pending,keep?,,,"Amazon Brand – Stone & Beam Rustic Solid Pine Bed with Headboard, King, 81.89""W, Gray"
abo_B084ZBX1YH,bed_double,furniture,abo,CC-BY-4.0,1.6037,2.1083,0.5097,pending,keep?,,,"Amazon Brand – Stone & Beam Rustic Solid Pine Platform Bed, Queen, 63.15""W, Gray"
abo_B086TGFT35,bed_double,furniture,abo,CC-BY-4.0,1.5364,2.016,0.4311,pending,keep?,,,"AmazonBasics Solid Platform Bed - Rustic Finish - No Box Spring Needed - Strong Wood Slat Support, Queen"
abo_B08FTN8KHY,bed_double,furniture,abo,CC-BY-4.0,1.88,2.04,0.94,pending,keep?,,,Amazon Brand - Solimo Senna Metal Glossy King Bed (Black)
objaverse_08f7f65edfea417b8ed9ca748381e507,bed_double,furniture,objaverse,CC-BY-4.0,2.4283,2.1232,0.9,pending,fix?,,"{""rescale"": 0.8483}",Bed
objaverse_5d3a99865ac84d8a8bf06b263aa5bb55,bed_double,furniture,objaverse,CC-BY-4.0,1.4704,2.5471,1.3975,pending,keep?,,,Old Bed
abo_B0714QGC72,sofa,furniture,abo,CC-BY-4.0,2.3651,0.989,0.7599,pending,keep?,,,"Amazon Brand – Stone & Beam Bradbury Chesterfield Tufted Leather Sofa Couch, 92.9""W, Cognac"
abo_B071FMSSWB,sofa,furniture,abo,CC-BY-4.0,1.7542,1.0906,0.8746,pending,keep?,,,"Amazon Brand – Stone & Beam Hoffman Down-Filled Performance Fabric Loveseat Sofa, 79""W, Ecru"
abo_B071J7Q3J4,sofa,furniture,abo,CC-BY-4.0,2.6944,1.0759,0.8466,pending,keep?,,,"Amazon Brand – Stone & Beam Bradbury Chesterfield Tufted Sofa Couch, 92.9""W, Hemp"
abo_B072555T67,sofa,furniture,abo,CC-BY-4.0,2.0952,0.849,0.7948,pending,keep?,,,"Marchio Amazon - Movian Ackan - Divano a 3 posti, 209 x 87 x 80 cm, grigio chiaro"
abo_B07263589M,sofa,furniture,abo,CC-BY-4.0,1.9883,1.0824,0.8332,pending,keep?,,,"Amazon Brand – Stone & Beam Bradbury Chesterfield Tufted Loveseat Sofa Couch, 78.7""W, Navy"
abo_B075X2WNRP,sofa,furniture,abo,CC-BY-4.0,1.9198,0.9242,0.8253,pending,keep?,,,"Amazon Brand – Rivet Aiden Tufted Mid-Century Leather Bench Seat Sofa, Without Side Pillows, 74""W, Cognac"
abo_B075X2X4GY,sofa,furniture,abo,CC-BY-4.0,1.9812,0.6858,0.635,pending,keep?,,,"Amazon Brand – Rivet Uptown Mid-Century Velvet Tufted Customizable Daybed Sofa, 78""W, Dove Grey &amp; Brass"
abo_B075X4JB3K,sofa,furniture,abo,CC-BY-4.0,1.5367,0.8954,0.7683,pending,keep?,,,"Amazon Brand – Rivet Eva Tufted Mid-Century Velvet Down-Filled Loveseat, 60.5""W, Hunter Green"
abo_B07B4FW7H5,sofa,furniture,abo,CC-BY-4.0,1.9709,0.9226,0.8626,pending,keep?,,,"Amazon Brand – Stone & Beam Andover Studio Sofa Couch, 78""W, Driftwood Leather"
abo_B07BWJCBY2,sofa,furniture,abo,CC-BY-4.0,2.0484,0.9436,0.7794,pending,keep?,,,"Amazon Brand – Stone & Beam Bradbury Chesterfield Tufted Leather Loveseat Sofa Couch, 78.7""W, Black"
abo_B07HZ5P7P9,sofa,furniture,abo,CC-BY-4.0,1.3883,0.9907,0.9892,removed,removed,the title says sectional component: a part of a piece,,"Amazon Brand – Stone & Beam Bagley Sectional Component, Left-Facing Loveseat, Fabric, 52""W, Linen"
abo_B07HZ6GJC2,sofa,furniture,abo,CC-BY-4.0,1.3883,0.9907,0.9892,removed,removed,the title says sectional component: a part of a piece,,"Amazon Brand – Stone & Beam Bagley Sectional Component, Right Facing Loveseat, Fabric, 52""W, Linen"
abo_B07HZ6HHFF,sofa,furniture,abo,CC-BY-4.0,1.237,0.9514,1.008,removed,removed,the title says sectional component: a part of a piece,,"Amazon Brand – Stone & Beam Bagley Sectional Component, Armless Loveseat, Fabric, 44""W, Linen"
abo_B07HZ6X7ZF,sofa,furniture,abo,CC-BY-4.0,2.2375,1.1104,1.0329,removed,removed,the title says sectional component: a part of a piece,,"Amazon Brand – Stone & Beam Bagley Sectional Component, Left-Facing Sofa Chaise, Fabric, 41""W, Linen"
abo_B07HZ72L2H,sofa,furniture,abo,CC-BY-4.0,1.9628,1.0339,0.9461,removed,removed,the title says sectional component: a part of a piece,,"Amazon Brand – Stone & Beam Bagley Sectional Component, Right-Facing Sofa, Fabric, 75""W, Linen"
abo_B07K9PMZJL,sofa,furniture,abo,CC-BY-4.0,1.9698,0.8298,0.8298,pending,keep?,,,"Amazon Brand - Movian Dyvran 3-Seater Upholstered Sofa, 197 x 83 x 83 cm, Stain-Resistant Polyester, Dust Blue"
abo_B07R3TWDTM,sofa,furniture,abo,CC-BY-4.0,1.3,0.82,0.84,pending,keep?,,,"Amazon Brand - Movian Keitele - 2 Seater Sofa, 130 x 82 x 84, Light Grey"
gen_sofa_japandi_1_246e1bd6,sofa,furniture,generated,"generated (TRELLIS.2-4B, MIT)",2.1369,0.8845,0.8439,pending,vision?,,,Generated japandi sofa (1)
gen_sofa_japandi_2_98a7a89b,sofa,furniture,generated,"generated (TRELLIS.2-4B, MIT)",2.1063,0.8973,0.9153,pending,vision?,,,Generated japandi sofa (2)
objaverse_104ac40ef3ad4dac8079a11548c470e7,sofa,furniture,objaverse,CC-BY-4.0,3.0406,1.0677,1.1178,pending,keep?,,,Sofa
abo_B07124WN69,armchair,furniture,abo,CC-BY-4.0,0.7188,0.889,0.8636,pending,keep?,,,"Amazon Brand – Rivet Huxley Mid-Century Modern Accent Chair, 28.3""W, Marine Blue"
abo_B0719WQGYJ,armchair,furniture,abo,CC-BY-4.0,1.0414,0.889,0.8636,pending,keep?,,,"Amazon Brand – Rivet Emerly Modern Living Room Chair, 41""W, Pewter"
abo_B071FMSYCH,armchair,furniture,abo,CC-BY-4.0,0.8586,1.0082,0.8553,pending,keep?,,,"Amazon Brand – Rivet Farr Lotus Accent Chair, Felt Grey"
abo_B072PZ4LQ2,armchair,furniture,abo,CC-BY-4.0,1.0414,0.889,0.8649,pending,keep?,,,"Amazon Brand – Rivet Emerly Modern Living Room Chair, 41""W, Ecru"
abo_B073G7BVCT,armchair,furniture,abo,CC-BY-4.0,0.7642,0.9481,1.0823,pending,keep?,,,"Amazon Brand – Stone & Beam Highland Modern Wingback Living Room Accent Chair, 31.9""W, Oatmeal"
abo_B0746KJVP2,armchair,furniture,abo,CC-BY-4.0,0.8052,0.8127,0.9664,pending,keep?,,,"Amazon Brand – Rivet Charlotte Mid-Century Modern Upholstered Gold Accent Chair, 29""W, Natural"
abo_B075NR8HWJ,armchair,furniture,abo,CC-BY-4.0,1.0,0.9299,0.8598,pending,keep?,,,Amazon Brand Movian Dofsan Chair 100 x 93 x 86 cm Grey
abo_B075X2WN36,armchair,furniture,abo,CC-BY-4.0,0.8514,0.7758,0.8852,pending,keep?,,,"Amazon Brand – Rivet Curved Tufted Velvet Accent Chair, Marina Mid-Century, 28.7""W, Hunter Green"
abo_B075X467QG,armchair,furniture,abo,CC-BY-4.0,0.7366,0.9398,1.0287,pending,keep?,,,"Amazon Brand – Stone & Beam Hillsboro Modern Wingback Living Room Accent Chair With Nailhead Trim, 29""W, Beige"
abo_B075X4N3GM,armchair,furniture,abo,CC-BY-4.0,0.928,0.8434,0.7735,pending,keep?,,,"Amazon Brand – Rivet Aiden Tufted Mid-Century Modern Velvet Accent Chair, 35.4""W, Otter Grey"
abo_B075X4N3J5,armchair,furniture,abo,CC-BY-4.0,0.8364,0.8256,0.9218,pending,keep?,,,"Amazon Brand – Rivet Villain Mid-Century Modern Leather Metal Leg Accent Lounge Chair, 37.4""W, Black"
abo_B07B4MSP7T,armchair,furniture,abo,CC-BY-4.0,0.9331,1.058,1.1228,pending,keep?,,,"Amazon Brand – Stone & Beam Aubree Farmhouse Accent Arm Chair, 32""W, Striped Red Linen"
abo_B07DBDQJRF,armchair,furniture,abo,CC-BY-4.0,0.6864,0.6125,0.8585,pending,keep?,,,"Amazon Brand – Ravenna Home Hughes Curved Back Tufted Patterned Accent Chair, 25""W, Arrow"
abo_B07HZ9K9PG,armchair,furniture,abo,CC-BY-4.0,1.1778,1.0095,1.0156,pending,keep?,,,"Amazon Brand – Stone & Beam Calhoun Living Room Accent Chair, 42""W, Ecru"
objaverse_124297e7e4574c48b9c1b814b6ddf516,armchair,furniture,objaverse,CC-BY-4.0,0.7511,0.8403,0.9099,pending,removed?,,,animated_sphere
objaverse_5b9e8ba19b1b454f82898ac4809f02b2,armchair,furniture,objaverse,CC-BY-4.0,0.5331,0.6122,0.6132,pending,vision?,,,Lpuvw
objaverse_69f1c0489a144f3c98e66dcfe72b3969,armchair,furniture,objaverse,CC-BY-4.0,0.5331,0.6122,0.6132,pending,keep?,,,Oldfashioned armchair
objaverse_a07501cd7f6c40fc9cf4cf438e41bac1,armchair,furniture,objaverse,CC-BY-4.0,0.8323,0.8569,1.2324,pending,keep?,,,Chair_2 out of 12
objaverse_b23ec9725c48494788d1d88104acbb4a,armchair,furniture,objaverse,CC-BY-4.0,0.8099,0.8921,0.9232,pending,keep?,,,High back Arm chair (Free Download)
objaverse_da6d646358d1451fa751f1a9141290a3,armchair,furniture,objaverse,CC-BY-4.0,0.5331,0.6122,0.6132,pending,vision?,,,LPUVW
abo_B075YMXWZC,table_dining,furniture,abo,CC-BY-4.0,1.6089,0.8112,0.7555,pending,keep?,,,"Amazon Brand – Rivet Mid-Century Modern Oak Dining Table, 63""L, Walnut Finish"
abo_B075YPTG8S,table_dining,furniture,abo,CC-BY-4.0,1.7913,0.8828,0.7533,pending,keep?,,,"Amazon Brand – Rivet Industrial Mid-Century Modern Hairpin Dining Table, 70.9""L, Walnut and Black"
abo_B075Z9QB7N,table_dining,furniture,abo,CC-BY-4.0,0.885,0.885,0.658,pending,keep?,,,"Amazon Brand – Rivet Industrial Wood and Metal Round Dining Kitchen Table, 35.4""W, Recycled Elm"
abo_B076NNYB3P,table_dining,furniture,abo,CC-BY-4.0,1.9812,1.016,0.762,pending,keep?,,,"Amazon Brand – Stone & Beam Dunbar Wood Dining Room Kitchen Table, 78""L, Oak Finish"
abo_B07B7BGXN9,table_dining,furniture,abo,CC-BY-4.0,1.9659,1.071,0.7932,pending,keep?,,,"Amazon Brand – Stone & Beam Alejandra Casual Wood Dining Kitchen Table, 78""-98""L, Brown"
abo_B07B82PXCM,table_dining,furniture,abo,CC-BY-4.0,1.5033,0.9216,0.7434,pending,keep?,,,"Amazon Brand – Stone & Beam Bradhurst Casual Farmhouse Wood Dining Kitchen Table, 61""-84""L, White"
abo_B07B82PXD8,table_dining,furniture,abo,CC-BY-4.0,1.3999,0.7573,0.7602,pending,keep?,,,"Amazon Brand – Rivet Ian Modern Medium Dining Kitchen Table, Expandable, 60-80""L, Brown"
abo_B07B82WF6G,table_dining,furniture,abo,CC-BY-4.0,1.0382,1.0382,0.6656,pending,keep?,,,"Amazon Brand – Rivet Mid-Century Modern Wood Round Dining Kitchen Table, 43.3""W, Beige"
abo_B07H8SZNZF,table_dining,furniture,abo,CC-BY-4.0,1.5999,0.8999,0.76,pending,keep?,,,"Movian Moselle Dining Table, 160 x 76 x 90cm, Oak Sonoma Colour"
abo_B07H93GTHW,table_dining,furniture,abo,CC-BY-4.0,1.579,0.881,0.7361,pending,keep?,,,"Amazon Brand - Movian Kuban Dining Table, 160 x 78 x 90cm, Brown Oak-Effect Table Top/Black Legs"
abo_B07K7K25NM,table_dining,furniture,abo,CC-BY-4.0,1.7998,0.8999,0.7498,pending,keep?,,,"Amazon Brand - Alkove Hayes Solid Wood Dining Table with Stainless Steel Base, Seats 6, 180 x 90 x 75cm, Wild Oak/Stainless Steel"
abo_B07M6PKC6B,table_dining,furniture,abo,CC-BY-4.0,0.7469,0.7469,0.7378,pending,keep?,,,"Amazon Brand – Ravenna Home Traditional Dining Table 29""H, Gray and Rustic Honey Pine"
abo_B07ML7P94G,table_dining,furniture,abo,CC-BY-4.0,0.7469,0.7469,0.7378,pending,keep?,,,"Amazon Brand – Ravenna Home Traditional Dining Table 29""H, Black and Rustic Honey Pine"
abo_B07QGWMTDY,table_dining,furniture,abo,CC-BY-4.0,1.8034,0.9906,0.762,pending,keep?,,,"Amazon Brand – Rivet Fulton Modern Rustic Dining Table, 71""L, Natural"
abo_B07RT5JN33,table_dining,furniture,abo,CC-BY-4.0,1.205,0.714,0.76,pending,keep?,,,Amazon Brand Movian Kyyvesi Dining Table 120.5 x 71.4 x 76 cm Walnut Effect
abo_B07SJ75Y1M,table_dining,furniture,abo,CC-BY-4.0,1.3,0.9,0.75,pending,keep?,,,"Amazon Brand - Alkove Hayes Classic Fixed Solid Wood Dining Table, Seats 4-6, 130 x 90 x 75cm, Wild Oak"
abo_B07VDD563W,table_dining,furniture,abo,CC-BY-4.0,1.8,0.9,0.7575,pending,keep?,,,"Amazon Brand - Movian Kyyvesi, Dining Table, 180 x 90 x 75 cm, Oak Effect"
abo_B0853Q71J6,table_dining,furniture,abo,CC-BY-4.0,0.9906,0.9906,0.7538,pending,keep?,,,"Amazon Brand – Rivet Mid-Century Modern Pine Extendable Dining Table, 39""–77""W, Brown"
objaverse_3b4ee19c627e4fb4a3305621cf925aa2,table_dining,furniture,objaverse,CC-BY-4.0,1.3091,1.2336,0.7043,pending,removed?,,,Dining Set
objaverse_724d93a7f3644f96909e8c55909c6418,table_dining,furniture,objaverse,CC-BY-4.0,1.1747,1.1968,0.85,pending,removed?,,,"A table, chairs & few cups"
abo_B01LWVEZ1C,table_coffee,furniture,abo,CC-BY-4.0,0.8992,0.4496,0.4517,pending,keep?,,,Amazon Brand - Alkove Waverly Large Coffee Table with Shelf in Light Oak Finish
abo_B072ZK2FZ6,table_coffee,furniture,abo,CC-BY-4.0,0.8036,0.3613,0.5763,removed,removed,"proportions 0.80 x 0.36 x 0.58 m fit no real table_coffee (width (0.6, 1.4), depth (0.4, 1.2), height (0.25, 0.6))",,"Amazon Brand – Rivet Industrial Modern Wood and Metal Coffee Table, 31.5""W, Walnut"
abo_B072ZK885D,table_coffee,furniture,abo,CC-BY-4.0,1.0842,0.527,0.4289,pending,keep?,,,"Amazon Brand – Rivet Allyson Mid-Century Modern Two-Shelf Adjustable Coffee Table, Walnut"
abo_B074KLRCPW,table_coffee,furniture,abo,CC-BY-4.0,0.9144,0.9144,0.4699,pending,keep?,,,"Amazon Brand – Rivet Modern Round Glass and Gold Coffee Table, 36""W, Gold Finish"
abo_B075Z8WD59,table_coffee,furniture,abo,CC-BY-4.0,1.0008,1.0008,0.4089,pending,keep?,,,"Amazon Brand – Rivet Hillside Antiqued Round Coffee Table, 39.4""D, Wood and Bronze"
abo_B075ZBVZPB,table_coffee,furniture,abo,CC-BY-4.0,0.9899,0.4521,0.3987,pending,keep?,,,"Amazon Brand – Stone & Beam Larson Industrial Wood & Metal Coffee Table, 50""W, Walnut"
abo_B07DBFQV23,table_coffee,furniture,abo,CC-BY-4.0,1.1972,0.5772,0.4054,pending,keep?,,,"Amazon Brand – Ravenna Home Parker Coffee Table, 47.2""W, Marble &amp; Gold"
abo_B07GDMBZJJ,table_coffee,furniture,abo,CC-BY-4.0,1.1992,0.5984,0.3599,pending,keep?,,,"Amazon Brand - Rivet Leaf-Shaped Coffee Table, 120 x 60 x 36cm, MDF with Walnut Veneer/Black Metal Base"
abo_B07GDSF3MR,table_coffee,furniture,abo,CC-BY-4.0,0.8,0.8,0.36,pending,keep?,,,"Amazon Brand - Rivet Round Coffee Table with Solid Wood Legs, 80 x 80 x 36cm, MDF with Walnut Veneer/Solid Beech Wood"
abo_B07GDYVV9M,table_coffee,furniture,abo,CC-BY-4.0,1.0077,0.6013,0.3654,pending,keep?,,,"Amazon Brand - Rivet Triangular Coffee Table with Solid Wood Legs, 105 x 60 x 37cm, MDF with Walnut Veneer/Solid Beech Wood"
abo_B07L85XV75,table_coffee,furniture,abo,CC-BY-4.0,1.0947,0.4928,0.4801,pending,keep?,,,"ROCKPOINT Argus Lift-Top Wood Coffee Table, Sandy Oak"
abo_B07L8DT2XT,table_coffee,furniture,abo,CC-BY-4.0,1.0668,0.6096,0.4572,pending,keep?,,,"Phoenix Home Rustic Industrial Solid Wood and Steel Open Shelf Coffee Table, Brown"
abo_B07QF9Y71V,table_coffee,furniture,abo,CC-BY-4.0,1.35,0.75,0.4,pending,keep?,,,"Amazon Brand – Stone & Beam Industrial Coffee Table, 53""W, Antique Natural and Black"
abo_B07QFB1TLZ,table_coffee,furniture,abo,CC-BY-4.0,1.0998,1.0998,0.4201,pending,keep?,,,"Amazon Brand – Stone & Beam Ryder Industrial Round Coffee Table, 43.3"" Diameter, Brushed Natural Antique Copper"
abo_B07SQ9P548,table_coffee,furniture,abo,CC-BY-4.0,1.0501,0.5898,0.4601,pending,keep?,,,Amazon Brand - Solimo Veronica Engineered Wood Coffee Table (Espresso Finish)
objaverse_01ff88bfc0034211b9f4996d620bc333,table_coffee,furniture,objaverse,CC-BY-4.0,1.292,0.8611,0.25,pending,keep?,,,Palette Table
objaverse_956a47ccc1a54a40a8711f3852d54433,table_coffee,furniture,objaverse,CC-BY-4.0,1.0,0.5995,0.395,pending,removed?,,,55555
objaverse_bbe1d47c0d714884a66c53d6c1e5d177,table_coffee,furniture,objaverse,CC-BY-4.0,0.8944,0.8944,0.5168,removed,removed,"the title names mesa comedor, not a table_coffee",,MESA COMEDOR
objaverse_c17577daa87849d09960669606c0ce27,table_coffee,furniture,objaverse,CC-BY-4.0,1.3115,0.5902,0.6,pending,keep?,,,Modern Table
objaverse_f4031bb5f7e64ebca4c37d4fa5ba6e8d,table_coffee,furniture,objaverse,CC-BY-4.0,1.1965,0.6686,0.3603,pending,keep?,,,LP Table
abo_B01FK3FWNG,desk,furniture,abo,CC-BY-4.0,1.1354,0.6045,0.8992,pending,keep?,,,"Amazon Brand - Movian Haven Retro Desk with Riser, Grey Oak, 113.54 x 60.45 x 89.92 cm"
abo_B01MXKMRK4,desk,furniture,abo,CC-BY-4.0,1.1343,0.5109,0.7518,pending,keep?,,,"Marchio Amazon - Movian Scrivania Candon, Marrone medio, 114,3 x 49,53 x 76,454 cm"
abo_B075ZBVZST,desk,furniture,abo,CC-BY-4.0,1.2562,0.4864,0.8005,pending,keep?,,,"Amazon Brand – Rivet Mid-Century Curved Wood Table Home Office Computer Desk, 48.4""L, Walnut"
abo_B07B7DFS3S,desk,furniture,abo,CC-BY-4.0,1.5429,0.7836,0.7252,pending,keep?,,,"Amazon Brand – Stone & Beam Industrial Metal Office Computer Desk, 60""W, Power Sit to Standing Table, Brown/Black"
abo_B07B7DKRW4,desk,furniture,abo,CC-BY-4.0,1.2886,0.6298,0.8606,pending,keep?,,,"Amazon Brand – Stone & Beam Anne Farmhouse French Wood Desk, 62""W, Blue"
abo_B07GF5DCK2,desk,furniture,abo,CC-BY-4.0,1.2061,0.5337,0.8066,pending,keep?,,,"Amazon Brand - Rivet Mid-Century Home Office Computer Desk with 1 Drawer & Curved Corners, 57 x 123 x 79cm, White/MDF with Walnut Veneer"
abo_B07GFL6RF5,desk,furniture,abo,CC-BY-4.0,1.0966,0.5601,0.7348,pending,keep?,,,"Amazon Brand - Movian Idro 3-Drawer Desk, 56 x 110 x 73.5cm, Light Brown/Oak Foil Finish"
abo_B07GFS1V51,desk,furniture,abo,CC-BY-4.0,1.0962,0.5601,0.73,pending,keep?,,,"Amazon Brand - Movian Idro 4-Drawer Desk, 56 x 110 x 73cm, Light Brown/Oak Foil Finish"
abo_B07GFT639N,desk,furniture,abo,CC-BY-4.0,1.0998,0.5598,0.73,pending,keep?,,,"Amazon Brand - Movian Indre 1-Drawer Desk, 56 x 110 x 73cm, Light Brown/Oak Foil Finish"
abo_B07HSCRFTN,desk,furniture,abo,CC-BY-4.0,1.1907,0.7691,1.0606,pending,keep?,,,"Amazon Brand – Rivet Mid-Century Desk - 35 Inch, Natural"
abo_B07JXXR83F,desk,furniture,abo,CC-BY-4.0,1.4,0.55,0.76,pending,keep?,,,"Amazon Brand - Movian Stanberg 1-Door 1-Drawer Writing Desk, 140 x 55 x 76cm, Light Brown Oak-Effect/Black"
abo_B07PVL2N3D,desk,furniture,abo,CC-BY-4.0,0.9017,0.4978,0.7493,pending,keep?,,,"AmazonBasics Classic, Home Office Computer Desk With Shelves, Black"
abo_B07PYYRV2L,desk,furniture,abo,CC-BY-4.0,0.9223,0.5199,0.8504,pending,keep?,,,"AmazonBasics Foldable Standing Computer Desk with Storage Shelf, Adjustable Height, Easy Assembly - Black"
abo_B07QV37J6B,desk,furniture,abo,CC-BY-4.0,1.2796,0.5877,0.9126,pending,keep?,,,"AmazonBasics Gaming Computer Desk with Storage for Controller, Headphone & Speaker - Red"
abo_B07RVBPWG9,desk,furniture,abo,CC-BY-4.0,1.143,0.936,0.998,pending,keep?,,,"Amazon Brand-Movian Ljungan Desk, 114 x 60 x 90cm, Dark Brown/Black"
abo_B07TKY3L6X,desk,furniture,abo,CC-BY-4.0,1.6,0.73,0.78,pending,keep?,,,"Amazon Brand - Movian Côa 4-Drawer Desk, 160 x 73 x 77.5cm, Vintage Dark Brown Oak-Effect/Black Metal"
abo_B082DFL4JW,desk,furniture,abo,CC-BY-4.0,1.0159,0.4698,0.762,pending,keep?,,,"Amazon Brand – Rivet Avery Industrial Home Office Writing Desk with Metal Base, 40""W, Chestnut Brown Finish"
abo_B0876NZQ9C,desk,furniture,abo,CC-BY-4.0,1.016,0.508,0.762,pending,keep?,,,"AmazonBasics 40"" Multipurpose Foldable Computer Study Desk - Natural"
objaverse_1b256f6ce7924f59a756fe8f7ba69416,desk,furniture,objaverse,CC-BY-4.0,1.3448,0.9233,0.65,removed,removed,the title says test: not photoreal,,FF Desk Drawer 3D Test 5 Obj
objaverse_b05862a2023f4c02988b3bb3004f6ff6,desk,furniture,objaverse,CC-BY-4.0,1.0962,0.6466,0.807,pending,keep?,,,Table Colored DZ
abo_B01MQJV7ID,chair,furniture,abo,CC-BY-4.0,0.6622,0.7391,1.1069,pending,keep?,,,"AmazonBasics Sedia direzionale da ufficio con schienale alto, regolabile in altezza - Marrone"
abo_B0728NW8FP,chair,furniture,abo,CC-BY-4.0,0.5215,0.5505,0.8055,pending,keep?,,,"Amazon Brand – Rivet Ashworth Armless Velvet Accent Chair, 21.6""W, Navy"
abo_B07C9W437G,chair,furniture,abo,CC-BY-4.0,0.5045,0.5673,0.8197,pending,keep?,,,"Amazon Brand – Rivet Federal Mid-Century Modern Wood Dining Room Kitchen Chairs, 36 Inch Height, Set of 2, Black"
abo_B07DBD9WHX,chair,furniture,abo,CC-BY-4.0,0.7399,0.7185,0.7705,pending,keep?,,,"Amazon Brand – Ravenna Home Armless Tufted Turned Wood Leg Accent Chair, 29""W, Blue"
abo_B07DBHCKHY,chair,furniture,abo,CC-BY-4.0,0.5816,0.6049,0.75,pending,keep?,,,"Amazon Brand – Ravenna Home Tufted Armless English Roll Traditional Accent Chair, 26.8""W, Merlot Red"
abo_B07FY8PZBH,chair,furniture,abo,CC-BY-4.0,0.4597,0.5512,0.7798,pending,keep?,,,"Phoenix Home PU Leather Dining Chair Set of 2, 18.11"" Length x 21.65"" Width x 30.7"" Height, Brown"
abo_B07JK8CL2Z,chair,furniture,abo,CC-BY-4.0,0.57,0.57,0.7798,pending,vision?,,,Amazon Brand - Movian Square
abo_B07K7K7GKC,chair,furniture,abo,CC-BY-4.0,0.4569,0.5608,0.9548,pending,keep?,,,Amazon Brand - Alkove - Hayes - Modern Solid Wood Chairs Set of 2 with Padded Seat - Wild Oak
abo_B07QJ24FSL,chair,furniture,abo,CC-BY-4.0,0.5131,0.6604,1.016,pending,keep?,,,"Amazon Brand – Ravenna Home Dining Chairs, Set of 2, 40""H, Praline"
abo_B084RZVHD2,chair,furniture,abo,CC-BY-4.0,0.4728,0.5332,0.905,pending,keep?,,,"Amazon Brand – Rivet Erikson Vegan Leather Woven Dining Chair, Set of 2, 18""W, Beige"
abo_B084W2GNQW,chair,furniture,abo,CC-BY-4.0,0.5026,0.6985,0.9272,pending,keep?,,,"Amazon Brand – Stone & Beam Vivianne Modern Upholstered Armless Dining Chair with Casters, 19.7""W, Slate"
abo_B0857JLP6K,chair,furniture,abo,CC-BY-4.0,0.4496,0.5459,0.9908,pending,keep?,,,"Amazon Brand – Stone & Beam Modern Farmhouse Birch Dining Chair, 17.5""W, Dark Gray"
abo_B0857JM2NC,chair,furniture,abo,CC-BY-4.0,0.5563,0.4953,0.762,pending,keep?,,,"Amazon Brand – Stone & Beam Mid-Century Beech and Rattan Dining Chair with Arms, 21.9""W, Natural"
objaverse_0723b35415b0462eb5c01140b6b70340,chair,furniture,objaverse,CC-BY-4.0,0.5223,0.5517,0.7,pending,keep?,,,Old chair
objaverse_1625701880c54b7d9f50e77455cef39b,chair,furniture,objaverse,CC-BY-4.0,0.5773,0.5656,0.9566,pending,keep?,,,Wicker Chair
objaverse_47a690dcecf847fca99c4f89111db85b,chair,furniture,objaverse,CC-BY-4.0,0.4618,0.5413,1.0124,pending,vision?,,,Char 2
objaverse_acf6497a3d274d90ad3750510348f07a,chair,furniture,objaverse,CC-BY-4.0,0.4553,0.5254,0.999,pending,vision?,,,chare
objaverse_cb43e2abac66494d81e1e7116eb47043,chair,furniture,objaverse,CC-BY-4.0,0.4828,0.6035,1.0293,pending,removed?,,,Vintage Chair
objaverse_d2785b57e7da45858f2fe8bf4dedd68d,chair,furniture,objaverse,CC-BY-4.0,0.5168,0.503,0.8292,pending,keep?,,,Chair
abo_B07B3XXD3P,wardrobe,furniture,abo,CC-BY-4.0,1.5,0.57,1.87,pending,keep?,,,"Vida Designs Corona Wardrobe, 3 Door, Solid Pine Wood, Solid Pine Wood, Distressed Waxed Pine Bedroom Wooden Storage Mexican Furniture"
abo_B07GFRKNR1,wardrobe,furniture,abo,CC-BY-4.0,0.9905,0.577,1.8083,pending,keep?,,,"Amazon Brand - Movian Inari Modern 2-Door 2-Drawer Wardrobe, 100 x 57 x 180 cm, Light Brown Oak-Effect"
abo_B07GFS1R5B,wardrobe,furniture,abo,CC-BY-4.0,1.2898,0.5098,1.9098,pending,keep?,,,"Amazon Brand - Movian Indre 3-Door 3-Drawer Wardrobe, 129 x 51 x 191cm, Dark Grey"
abo_B07GFS1VB6,wardrobe,furniture,abo,CC-BY-4.0,1.7799,0.6292,1.9604,pending,keep?,,,"Amazon Brand - Movian Kolva Sliding 2-Door Wardrobe, 180 x 61 x 197cm, Light Brown Oak-Effect"
abo_B07GFS1WDY,wardrobe,furniture,abo,CC-BY-4.0,0.9905,0.577,1.8083,pending,keep?,,,"Amazon Brand - Movian Inari Modern 2-Door 2-Drawer Wardrobe, 100 x 57 x 180 cm, Dark Grey"
abo_B07GFWW3S8,wardrobe,furniture,abo,CC-BY-4.0,1.7799,0.6292,1.9604,pending,keep?,,,"Amazon Brand - Movian Kolva Sliding 2-Door Wardrobe, 180 x 61 x 197cm, Dark Grey"
abo_B07H8JN9QF,wardrobe,furniture,abo,CC-BY-4.0,1.9985,0.5981,2.1587,pending,keep?,,,"Amazon Brand - Movian Morava 4-Door 2-Drawer Wardrobe with Mirrors, 200 x 59 x 212cm, Light Brown Oak-Effect"
abo_B07H8PS4FZ,wardrobe,furniture,abo,CC-BY-4.0,2.1598,0.5898,2.2598,pending,keep?,,,"Amazon Brand - Movian Cinca 5-Door Wardrobe with Mirrors and Internal Storage Compartments, 226 x 216 x 62cm, White/Oak-Colour Accents"
abo_B07H8V7P3H,wardrobe,furniture,abo,CC-BY-4.0,1.0,0.5999,1.9599,pending,keep?,,,"Amazon Brand - Movian Moselle 2-Door Wardrobe, 100 x 60 x 196 cm, Light Brown Oak-Effect/White"
abo_B07JGPKZYT,wardrobe,furniture,abo,CC-BY-4.0,1.8097,0.5799,2.0698,pending,keep?,,,"Amazon Brand - Movian Mira 4-Door Wardrobe with Mirrors, 181 x 207 x 58cm, Light Brown Oak-Effect"
gen_wardrobe_classic_1_2bc1a548,wardrobe,furniture,generated,"generated (TRELLIS.2-4B, MIT)",1.4435,0.7897,2.4478,pending,vision?,,,Generated classic wardrobe (1)
gen_wardrobe_industrial_1_79cac0b4,wardrobe,furniture,generated,"generated (TRELLIS.2-4B, MIT)",1.356,0.7985,2.6,pending,vision?,,,Generated industrial wardrobe (1)
gen_wardrobe_rustic_1_97c119f6,wardrobe,furniture,generated,"generated (TRELLIS.2-4B, MIT)",1.2542,0.805,2.4278,pending,vision?,,,Generated rustic wardrobe (1)
gen_wardrobe_scandinavian_1_d0aa2dad,wardrobe,furniture,generated,"generated (TRELLIS.2-4B, MIT)",1.4232,0.801,2.59,pending,vision?,,,Generated scandinavian wardrobe (1)
objaverse_05a035c3347645b8a7ceb6d65f825ac3,wardrobe,furniture,objaverse,CC-BY-4.0,1.1358,0.6244,1.7635,pending,keep?,,,Dikkies Closet
objaverse_08a3baeb2e0847939d53027824de5a49,wardrobe,furniture,objaverse,CC-BY-4.0,1.6567,0.6881,2.1147,pending,keep?,,,Wardrobe
objaverse_094697a23146463cb5564ac8bf89e5c4,wardrobe,furniture,objaverse,CC-BY-NC-4.0,1.4463,0.7856,2.6,removed,removed,licence CC-BY-NC-4.0 not allowed (user decision of 10 Oct 2026),,Traditional Mennonite corner cabinet
objaverse_6d443f619ecd404a81769c70f447ba86,wardrobe,furniture,objaverse,CC-BY-4.0,1.3452,0.7314,2.6,pending,keep?,,,Cabinet
objaverse_b3a99e956be64ab6958f7f5e1895f031,wardrobe,furniture,objaverse,CC-BY-4.0,1.2928,0.564,2.3142,pending,keep?,,,Warn Wardrobe
objaverse_b46803ba0bc64e12b31f832fb761c4e0,wardrobe,furniture,objaverse,CC-BY-4.0,1.0464,0.5628,2.6,removed,removed,"the title names shelf, not a wardrobe",,Simple Tall Shelf
gen_fridge_classic_3_25281fe9,fridge,furniture,generated,"generated (TRELLIS.2-4B, MIT)",0.687,0.7369,1.4626,pending,vision?,,,Generated classic fridge (3)
gen_fridge_industrial_1_03996e16,fridge,furniture,generated,"generated (TRELLIS.2-4B, MIT)",0.637,0.7948,1.4055,pending,vision?,,,Generated industrial fridge (1)
gen_fridge_industrial_3_029d56da,fridge,furniture,generated,"generated (TRELLIS.2-4B, MIT)",0.5365,0.654,1.0017,pending,vision?,,,Generated industrial fridge (3)
gen_fridge_japandi_1_4c9cd582,fridge,furniture,generated,"generated (TRELLIS.2-4B, MIT)",0.7489,0.676,1.6816,pending,vision?,,,Generated japandi fridge (1)
gen_fridge_japandi_2_4c7dbc82,fridge,furniture,generated,"generated (TRELLIS.2-4B, MIT)",0.6819,0.7424,1.5138,pending,vision?,,,Generated japandi fridge (2)
gen_fridge_japandi_3_38a9d0f8,fridge,furniture,generated,"generated (TRELLIS.2-4B, MIT)",0.7324,0.6912,1.4862,pending,vision?,,,Generated japandi fridge (3)
gen_fridge_japandi_6_60928003,fridge,furniture,generated,"generated (TRELLIS.2-4B, MIT)",0.7144,0.7086,1.6121,pending,vision?,,,Generated japandi fridge (6)
gen_fridge_mediterranean_1_1460e264,fridge,furniture,generated,"generated (TRELLIS.2-4B, MIT)",0.6533,0.7749,1.4809,pending,vision?,,,Generated mediterranean fridge (1)
gen_fridge_mediterranean_3_e70ec886,fridge,furniture,generated,"generated (TRELLIS.2-4B, MIT)",0.4863,0.5919,1.0018,pending,vision?,,,Generated mediterranean fridge (3)
gen_fridge_modern_minimal_1_c27ed7d7,fridge,furniture,generated,"generated (TRELLIS.2-4B, MIT)",0.6557,0.7721,1.6735,pending,vision?,,,Generated modern minimal fridge (1)
gen_fridge_modern_minimal_3_bcd54859,fridge,furniture,generated,"generated (TRELLIS.2-4B, MIT)",0.7901,0.6408,1.8891,pending,vision?,,,Generated modern minimal fridge (3)
gen_fridge_rustic_1_06be6df4,fridge,furniture,generated,"generated (TRELLIS.2-4B, MIT)",0.631,0.8022,1.3662,pending,vision?,,,Generated rustic fridge (1)
gen_fridge_scandinavian_1_315b4d87,fridge,furniture,generated,"generated (TRELLIS.2-4B, MIT)",0.6256,0.8092,1.3726,pending,vision?,,,Generated scandinavian fridge (1)
gen_fridge_scandinavian_6_87b23e5c,fridge,furniture,generated,"generated (TRELLIS.2-4B, MIT)",0.655,0.773,1.4728,pending,vision?,,,Generated scandinavian fridge (6)
objaverse_2071bda681b642218b6829b82e4fd93b,fridge,furniture,objaverse,CC-BY-4.0,0.7657,0.6611,1.5389,pending,removed?,,,Refrigerator - Grey Polished Metal
objaverse_66878d980a364b2db1a5cc44c67bb45d,fridge,furniture,objaverse,CC-BY-4.0,0.7259,0.4986,1.3268,pending,keep?,,,Fridge
objaverse_68d69bbf7a454a09a2536ac0762532f3,fridge,furniture,objaverse,CC-BY-4.0,0.7253,0.698,1.0881,pending,removed?,,,Old Fridge
objaverse_c9c4e705bf794cb88d5d8726095f4917,fridge,furniture,objaverse,CC-BY-NC-4.0,0.8334,0.9181,1.8042,removed,removed,licence CC-BY-NC-4.0 not allowed (user decision of 10 Oct 2026),,Haier Refrigerator
objaverse_f32ec9229a8749d1b79245813fbd6c31,fridge,furniture,objaverse,CC-BY-4.0,0.7452,0.6793,1.5316,removed,removed,the title says stylized: not photoreal,,Stylized Fridge
gen_stove_classic_1_4cdc3ba9,stove,furniture,generated,"generated (TRELLIS.2-4B, MIT)",1.0017,0.6286,0.8586,pending,vision?,,,Generated classic stove (1)
gen_stove_classic_4_e2fe38fa,stove,furniture,generated,"generated (TRELLIS.2-4B, MIT)",1.0012,0.6248,0.8035,pending,vision?,,,Generated classic stove (4)
gen_stove_industrial_1_59fd0342,stove,furniture,generated,"generated (TRELLIS.2-4B, MIT)",1.002,0.686,0.8786,pending,vision?,,,Generated industrial stove (1)
gen_stove_industrial_3_158d2bab,stove,furniture,generated,"generated (TRELLIS.2-4B, MIT)",1.0019,0.6317,0.8318,pending,vision?,,,Generated industrial stove (3)
gen_stove_japandi_1_2c35be6c,stove,furniture,generated,"generated (TRELLIS.2-4B, MIT)",0.8715,0.7304,0.8,pending,vision?,,,Generated japandi stove (1)
gen_stove_japandi_4_c8b92b90,stove,furniture,generated,"generated (TRELLIS.2-4B, MIT)",0.8837,0.69,1.0018,pending,vision?,,,Generated japandi stove (4)
gen_stove_japandi_5_6f5e00ea,stove,furniture,generated,"generated (TRELLIS.2-4B, MIT)",1.0014,0.7787,0.9558,pending,vision?,,,Generated japandi stove (5)
gen_stove_japandi_6_1c3993c0,stove,furniture,generated,"generated (TRELLIS.2-4B, MIT)",1.0018,0.701,0.8256,pending,vision?,,,Generated japandi stove (6)
gen_stove_modern_1_d7aca74d,stove,furniture,generated,"generated (TRELLIS.2-4B, MIT)",1.0018,0.6427,0.8303,pending,vision?,,,Generated modern stove (1)
gen_stove_modern_3_6d806e82,stove,furniture,generated,"generated (TRELLIS.2-4B, MIT)",0.9931,0.7687,1.0017,pending,vision?,,,Generated modern stove (3)
gen_stove_modern_minimal_1_18c4c83a,stove,furniture,generated,"generated (TRELLIS.2-4B, MIT)",0.9376,0.7709,0.8,removed,removed,"proportions 0.94 x 0.77 x 0.80 m fit no real stove (width (0.45, 0.95), depth (0.5, 0.7), height (0.8, 1.2))",,Generated modern minimal stove (1)
gen_stove_rustic_1_f05488ba,stove,furniture,generated,"generated (TRELLIS.2-4B, MIT)",1.0019,0.6794,0.845,pending,vision?,,,Generated rustic stove (1)
gen_stove_rustic_3_78e2f342,stove,furniture,generated,"generated (TRELLIS.2-4B, MIT)",1.0009,0.6655,0.8132,pending,vision?,,,Generated rustic stove (3)
gen_stove_scandinavian_1_acd46212,stove,furniture,generated,"generated (TRELLIS.2-4B, MIT)",0.8973,0.7235,0.8,pending,vision?,,,Generated scandinavian stove (1)
gen_stove_scandinavian_2_4aebb9bc,stove,furniture,generated,"generated (TRELLIS.2-4B, MIT)",1.0017,0.7996,0.8,removed,removed,"proportions 1.00 x 0.80 x 0.80 m fit no real stove (width (0.45, 0.95), depth (0.5, 0.7), height (0.8, 1.2))",,Generated scandinavian stove (2)
gen_stove_scandinavian_4_c71c9213,stove,furniture,generated,"generated (TRELLIS.2-4B, MIT)",1.028,0.7298,0.8,removed,removed,"proportions 1.03 x 0.73 x 0.80 m fit no real stove (width (0.45, 0.95), depth (0.5, 0.7), height (0.8, 1.2))",,Generated scandinavian stove (4)
objaverse_68e164f1a9414c29820ac2eaf6d8ac04,stove,furniture,objaverse,CC-BY-4.0,0.6697,0.5999,0.8191,pending,keep?,,,Stove from Poly by Google
objaverse_7c5c9dec5c2e4ff998c386410b0e3686,stove,furniture,objaverse,CC-BY-4.0,0.5917,0.7099,0.8667,pending,keep?,,,Stove
objaverse_934716ccd00d4f6ba9555d1cea788488,stove,furniture,objaverse,CC-BY-4.0,0.5097,0.547,1.2,pending,keep?,,,R RETRO FIRIN
gen_sink_kitchen_industrial_4_3f68e743,sink_kitchen,furniture,generated,"generated (TRELLIS.2-4B, MIT)",1.0019,0.5964,0.8678,pending,vision?,,,Generated industrial sink kitchen (4)
gen_sink_kitchen_japandi_1_a61d924d,sink_kitchen,furniture,generated,"generated (TRELLIS.2-4B, MIT)",1.056,0.4938,0.8,pending,vision?,,,Generated japandi sink kitchen (1)
gen_sink_kitchen_japandi_2_d6ae0419,sink_kitchen,furniture,generated,"generated (TRELLIS.2-4B, MIT)",1.002,0.5601,0.8824,pending,vision?,,,Generated japandi sink kitchen (2)
gen_sink_kitchen_japandi_3_1462384d,sink_kitchen,furniture,generated,"generated (TRELLIS.2-4B, MIT)",1.002,0.5669,0.8952,pending,vision?,,,Generated japandi sink kitchen (3)
gen_sink_kitchen_japandi_4_329115ec,sink_kitchen,furniture,generated,"generated (TRELLIS.2-4B, MIT)",1.0021,0.5645,0.8629,pending,vision?,,,Generated japandi sink kitchen (4)
gen_sink_kitchen_japandi_6_2ccc7ce8,sink_kitchen,furniture,generated,"generated (TRELLIS.2-4B, MIT)",1.0157,0.493,0.8,pending,vision?,,,Generated japandi sink kitchen (6)
gen_sink_kitchen_mediterranean_1_ae36322f,sink_kitchen,furniture,generated,"generated (TRELLIS.2-4B, MIT)",0.8106,0.6747,1.0014,pending,vision?,,,Generated mediterranean sink kitchen (1)
gen_sink_kitchen_mediterranean_3_f6d72c7b,sink_kitchen,furniture,generated,"generated (TRELLIS.2-4B, MIT)",0.73,0.6149,1.0014,pending,vision?,,,Generated mediterranean sink kitchen (3)
gen_sink_kitchen_modern_1_5b97156d,sink_kitchen,furniture,generated,"generated (TRELLIS.2-4B, MIT)",0.9281,0.6112,1.0017,pending,vision?,,,Generated modern sink kitchen (1)
gen_sink_kitchen_modern_2_b348b4dc,sink_kitchen,furniture,generated,"generated (TRELLIS.2-4B, MIT)",1.002,0.47,0.8109,pending,vision?,,,Generated modern sink kitchen (2)
gen_sink_kitchen_modern_5_5f86535a,sink_kitchen,furniture,generated,"generated (TRELLIS.2-4B, MIT)",0.9439,0.6442,1.0015,pending,vision?,,,Generated modern sink kitchen (5)
gen_sink_kitchen_scandinavian_1_dbad65c6,sink_kitchen,furniture,generated,"generated (TRELLIS.2-4B, MIT)",0.5976,0.8298,1.0018,pending,fix?,,"{""front_quarter_turns"": 3}",Generated scandinavian sink kitchen (1)
gen_sink_kitchen_scandinavian_2_470fa047,sink_kitchen,furniture,generated,"generated (TRELLIS.2-4B, MIT)",0.8588,0.5982,1.0019,pending,vision?,,,Generated scandinavian sink kitchen (2)
gen_sink_kitchen_scandinavian_3_3e309f4c,sink_kitchen,furniture,generated,"generated (TRELLIS.2-4B, MIT)",0.884,0.6443,1.002,pending,vision?,,,Generated scandinavian sink kitchen (3)
gen_sink_kitchen_scandinavian_5_b50401d7,sink_kitchen,furniture,generated,"generated (TRELLIS.2-4B, MIT)",0.825,0.6629,1.0011,pending,vision?,,,Generated scandinavian sink kitchen (5)
gen_washbasin_industrial_1_6794b9a5,washbasin,furniture,generated,"generated (TRELLIS.2-4B, MIT)",0.847,0.6465,1.0013,pending,vision?,,,Generated industrial washbasin (1)
gen_washbasin_industrial_4_cfaa1f50,washbasin,furniture,generated,"generated (TRELLIS.2-4B, MIT)",0.6354,0.503,1.0019,pending,vision?,,,Generated industrial washbasin (4)
gen_washbasin_japandi_1_299a0eb2,washbasin,furniture,generated,"generated (TRELLIS.2-4B, MIT)",0.6334,0.4874,0.6405,pending,vision?,,,Generated japandi washbasin (1)
gen_washbasin_japandi_2_6d594c3b,washbasin,furniture,generated,"generated (TRELLIS.2-4B, MIT)",0.607,0.5086,0.3734,pending,vision?,,,Generated japandi washbasin (2)
gen_washbasin_japandi_3_fc4e0710,washbasin,furniture,generated,"generated (TRELLIS.2-4B, MIT)",0.5761,0.5359,0.6735,pending,vision?,,,Generated japandi washbasin (3)
gen_washbasin_mediterranean_1_93c90025,washbasin,furniture,generated,"generated (TRELLIS.2-4B, MIT)",0.5431,0.5685,0.6905,pending,vision?,,,Generated mediterranean washbasin (1)
gen_washbasin_mediterranean_4_c5dc64de,washbasin,furniture,generated,"generated (TRELLIS.2-4B, MIT)",0.5557,0.5556,0.3345,pending,vision?,,,Generated mediterranean washbasin (4)
gen_washbasin_minimal_1_9dc765fb,washbasin,furniture,generated,"generated (TRELLIS.2-4B, MIT)",0.5921,0.5215,0.3207,pending,vision?,,,Generated minimal washbasin (1)
gen_washbasin_modern_1_833baa60,washbasin,furniture,generated,"generated (TRELLIS.2-4B, MIT)",0.6158,0.5014,0.6521,pending,vision?,,,Generated modern washbasin (1)
gen_washbasin_modern_minimal_1_d5536003,washbasin,furniture,generated,"generated (TRELLIS.2-4B, MIT)",0.6397,0.4827,0.6357,pending,vision?,,,Generated modern minimal washbasin (1)
gen_washbasin_rustic_1_2d54af97,washbasin,furniture,generated,"generated (TRELLIS.2-4B, MIT)",0.6109,0.5054,0.723,pending,vision?,,,Generated rustic washbasin (1)
gen_washbasin_scandinavian_1_6efd9d50,washbasin,furniture,generated,"generated (TRELLIS.2-4B, MIT)",0.5753,0.5367,0.3404,pending,vision?,,,Generated scandinavian washbasin (1)
objaverse_295384601e0d4f1985a919253330d59d,washbasin,furniture,objaverse,CC-BY-4.0,0.5739,0.538,0.4745,pending,vision?,,,Combo CEG-50BF
objaverse_3eafb89804b54c8e8cbe35e4d456e0a9,washbasin,furniture,objaverse,CC-BY-SA-4.0,0.9489,0.3254,0.5162,removed,removed,"licence CC-BY-SA-4.0 not allowed (user decision of 10 Oct 2026) | the title names bathroom, not a washbasin | proportions 0.95 x 0.33 x 0.52 m fit no real washbasin (width (0.4, 0.9), depth (0.35, 0.6), height (0.1, 1.2))",,Bathroom
objaverse_493b70a6177d4a1385b6b0ce041a93b0,washbasin,furniture,objaverse,CC-BY-4.0,0.6978,0.4425,0.9739,pending,removed?,,,same sink but less sanitary
objaverse_5248aa117842442980a2a2bbb5f3bfe6,washbasin,furniture,objaverse,CC-BY-4.0,0.8727,0.3538,0.9911,pending,vision?,,,Mobilya1
objaverse_6458ac945c14458a8e5f4a470495f042,washbasin,furniture,objaverse,CC-BY-4.0,0.497,0.6212,0.6006,pending,vision?,,,Combo CEG40-50B
objaverse_8580c4545d1649efb3503c6c2a012641,washbasin,furniture,objaverse,CC-BY-4.0,0.8384,0.3683,1.015,pending,vision?,,,Ingstav147 PULT ZRK V1
objaverse_ce1a06f7cbe1425099a145f851fc5dee,washbasin,furniture,objaverse,CC-BY-4.0,0.6486,0.476,0.5497,pending,keep?,,,Sink
objaverse_f76c502218884914a27148f656a9b656,washbasin,furniture,objaverse,CC-BY-4.0,0.6634,0.5006,0.5978,removed,removed,"the title names bathroom, not a washbasin",,Bathroom1
gen_toilet_classic_3_293965c2,toilet,furniture,generated,"generated (TRELLIS.2-4B, MIT)",0.3964,0.7238,0.7474,pending,vision?,,,Generated classic toilet (3)
gen_toilet_industrial_1_3cd5bde9,toilet,furniture,generated,"generated (TRELLIS.2-4B, MIT)",0.5301,0.865,1.0016,pending,vision?,,,Generated industrial toilet (1)
gen_toilet_japandi_1_42fdb46f,toilet,furniture,generated,"generated (TRELLIS.2-4B, MIT)",0.4148,0.6915,0.7241,pending,vision?,,,Generated japandi toilet (1)
gen_toilet_japandi_3_4e49add0,toilet,furniture,generated,"generated (TRELLIS.2-4B, MIT)",0.4049,0.7086,0.7168,pending,vision?,,,Generated japandi toilet (3)
gen_toilet_japandi_6_1b5173e9,toilet,furniture,generated,"generated (TRELLIS.2-4B, MIT)",0.415,0.6913,0.5684,pending,vision?,,,Generated japandi toilet (6)
gen_toilet_mediterranean_1_09b9f7e2,toilet,furniture,generated,"generated (TRELLIS.2-4B, MIT)",0.7556,0.3797,0.8066,pending,fix?,,"{""front_quarter_turns"": 1}",Generated mediterranean toilet (1)
gen_toilet_mediterranean_3_23b530a6,toilet,furniture,generated,"generated (TRELLIS.2-4B, MIT)",0.5658,0.8907,1.0017,pending,vision?,,,Generated mediterranean toilet (3)
gen_toilet_minimal_1_3799392b,toilet,furniture,generated,"generated (TRELLIS.2-4B, MIT)",0.7294,0.3933,0.7804,pending,fix?,,"{""front_quarter_turns"": 1}",Generated minimal toilet (1)
gen_toilet_rustic_1_c2ce66a1,toilet,furniture,generated,"generated (TRELLIS.2-4B, MIT)",0.5404,0.864,1.0015,pending,vision?,,,Generated rustic toilet (1)
gen_toilet_scandinavian_4_06dcb780,toilet,furniture,generated,"generated (TRELLIS.2-4B, MIT)",0.5274,0.8651,1.0019,pending,vision?,,,Generated scandinavian toilet (4)
gen_toilet_scandinavian_6_b1b3db93,toilet,furniture,generated,"generated (TRELLIS.2-4B, MIT)",0.8686,0.4674,1.0015,pending,fix?,,"{""front_quarter_turns"": 1}",Generated scandinavian toilet (6)
objaverse_0b3325fad3e740b1ac86173c90b56afd,toilet,furniture,objaverse,CC-BY-4.0,0.4622,0.6206,0.8387,pending,keep?,,,Toilettes
objaverse_1bd73c9a74d14ce29e45c277570990e6,toilet,furniture,objaverse,CC-BY-SA-4.0,0.4254,0.7821,0.9834,removed,removed,licence CC-BY-SA-4.0 not allowed (user decision of 10 Oct 2026),,Zenit Close Coupled Push Button Flush Toilet
objaverse_24d1b493899d407780140688abae19bc,toilet,furniture,objaverse,CC-BY-4.0,0.4533,0.6329,0.8011,pending,keep?,,,Toilet
objaverse_3446229dce1f47528fa871cc7669136c,toilet,furniture,objaverse,CC-BY-4.0,0.4527,0.6337,0.7612,pending,keep?,,,Toilet
objaverse_4398bcb5976945b08f195816340247b8,toilet,furniture,objaverse,CC-BY-SA-4.0,0.4792,0.7914,0.7835,removed,removed,licence CC-BY-SA-4.0 not allowed (user decision of 10 Oct 2026),,Memoirs Stately Close Coupled Toilet
objaverse_5b18711616054a44b025d9272b745a6a,toilet,furniture,objaverse,CC-BY-4.0,0.4801,0.6791,0.7805,removed,removed,the title says low poly: not photoreal,,Qualitas Bathrooms toilet low poly
objaverse_bd0f8d2bfba24376bec2b827a0cbbabe,toilet,furniture,objaverse,CC-BY-NC-4.0,0.4166,0.6692,0.7926,removed,removed,licence CC-BY-NC-4.0 not allowed (user decision of 10 Oct 2026),,CWLCCST1-6DT01 Ld
objaverse_c901dfa120a0487a9f5c9a2d241f70ab,toilet,furniture,objaverse,CC-BY-4.0,0.4063,0.7061,0.8306,removed,removed,the title says low poly: not photoreal,,Animated low poly toilet
gen_shower_industrial_1_d2ef1a9f,shower,furniture,generated,"generated (TRELLIS.2-4B, MIT)",1.1614,0.9407,1.9337,pending,vision?,,,Generated industrial shower (1)
gen_shower_industrial_4_31d89a3d,shower,furniture,generated,"generated (TRELLIS.2-4B, MIT)",1.0896,1.0026,1.8125,pending,vision?,,,Generated industrial shower (4)
gen_shower_japandi_1_dcdcd4dc,shower,furniture,generated,"generated (TRELLIS.2-4B, MIT)",1.217,0.8977,2.0312,pending,vision?,,,Generated japandi shower (1)
gen_shower_japandi_6_bd58a347,shower,furniture,generated,"generated (TRELLIS.2-4B, MIT)",1.2938,0.8444,1.9172,pending,vision?,,,Generated japandi shower (6)
gen_shower_japandi_9_4f1cedc6,shower,furniture,generated,"generated (TRELLIS.2-4B, MIT)",1.1624,0.9398,1.9081,pending,vision?,,,Generated japandi shower (9)
gen_shower_minimal_1_25eeb7e2,shower,furniture,generated,"generated (TRELLIS.2-4B, MIT)",1.2505,0.8736,2.1629,pending,vision?,,,Generated minimal shower (1)
gen_shower_modern_minimal_6_664da6f5,shower,furniture,generated,"generated (TRELLIS.2-4B, MIT)",1.1891,0.9188,2.0692,pending,vision?,,,Generated modern minimal shower (6)
gen_shower_scandinavian_1_0ae4a37a,shower,furniture,generated,"generated (TRELLIS.2-4B, MIT)",0.984,1.1103,1.9416,pending,vision?,,,Generated scandinavian shower (1)
gen_shower_scandinavian_6_6844cd10,shower,furniture,generated,"generated (TRELLIS.2-4B, MIT)",1.2088,0.9038,2.119,pending,vision?,,,Generated scandinavian shower (6)
gen_shower_scandinavian_9_7fb81c9a,shower,furniture,generated,"generated (TRELLIS.2-4B, MIT)",1.0844,1.0074,1.9599,pending,vision?,,,Generated scandinavian shower (9)
gen_bathtub_classic_3_f7c924e0,bathtub,furniture,generated,"generated (TRELLIS.2-4B, MIT)",1.4265,0.8092,0.8,removed,removed,"proportions 1.43 x 0.81 x 0.80 m fit no real bathtub (width (1.4, 1.9), depth (0.65, 0.9), height (0.4, 0.72))",,Generated classic bathtub (3)
gen_bathtub_industrial_1_46aaa4c2,bathtub,furniture,generated,"generated (TRELLIS.2-4B, MIT)",1.4691,0.7597,0.8,pending,vision?,,,Generated industrial bathtub (1)
gen_bathtub_industrial_3_154b1fde,bathtub,furniture,generated,"generated (TRELLIS.2-4B, MIT)",1.531,0.8352,0.7414,pending,vision?,,,Generated industrial bathtub (3)
gen_bathtub_japandi_3_83eb18c0,bathtub,furniture,generated,"generated (TRELLIS.2-4B, MIT)",1.4474,0.8441,0.8,removed,removed,"proportions 1.45 x 0.84 x 0.80 m fit no real bathtub (width (1.4, 1.9), depth (0.65, 0.9), height (0.4, 0.72))",,Generated japandi bathtub (3)
gen_bathtub_mediterranean_1_11d9dbc8,bathtub,furniture,generated,"generated (TRELLIS.2-4B, MIT)",1.3235,0.7793,0.8,removed,removed,"proportions 1.32 x 0.78 x 0.80 m fit no real bathtub (width (1.4, 1.9), depth (0.65, 0.9), height (0.4, 0.72))",,Generated mediterranean bathtub (1)
gen_bathtub_minimal_1_fe9cee36,bathtub,furniture,generated,"generated (TRELLIS.2-4B, MIT)",1.5007,0.8521,0.5602,pending,vision?,,,Generated minimal bathtub (1)
gen_bathtub_minimal_3_2ed3445d,bathtub,furniture,generated,"generated (TRELLIS.2-4B, MIT)",1.4083,0.908,0.5289,pending,vision?,,,Generated minimal bathtub (3)
gen_bathtub_modern_1_009871cf,bathtub,furniture,generated,"generated (TRELLIS.2-4B, MIT)",1.3283,0.8012,0.8,removed,removed,"proportions 1.33 x 0.80 x 0.80 m fit no real bathtub (width (1.4, 1.9), depth (0.65, 0.9), height (0.4, 0.72))",,Generated modern bathtub (1)
gen_bathtub_modern_3_0f116dc4,bathtub,furniture,generated,"generated (TRELLIS.2-4B, MIT)",1.475,0.8669,0.7945,pending,vision?,,,Generated modern bathtub (3)
gen_bathtub_modern_5_e14ba0b4,bathtub,furniture,generated,"generated (TRELLIS.2-4B, MIT)",1.4283,0.7375,0.8,removed,removed,"proportions 1.43 x 0.74 x 0.80 m fit no real bathtub (width (1.4, 1.9), depth (0.65, 0.9), height (0.4, 0.72))",,Generated modern bathtub (5)
gen_bathtub_modern_minimal_1_1a44f6ff,bathtub,furniture,generated,"generated (TRELLIS.2-4B, MIT)",1.3355,0.8121,0.8,removed,removed,"proportions 1.34 x 0.81 x 0.80 m fit no real bathtub (width (1.4, 1.9), depth (0.65, 0.9), height (0.4, 0.72))",,Generated modern minimal bathtub (1)
gen_bathtub_modern_minimal_2_927c5b3c,bathtub,furniture,generated,"generated (TRELLIS.2-4B, MIT)",1.307,0.7173,0.8,removed,removed,"proportions 1.31 x 0.72 x 0.80 m fit no real bathtub (width (1.4, 1.9), depth (0.65, 0.9), height (0.4, 0.72))",,Generated modern minimal bathtub (2)
gen_bathtub_modern_minimal_3_5f405b34,bathtub,furniture,generated,"generated (TRELLIS.2-4B, MIT)",1.3529,0.8466,0.8,removed,removed,"proportions 1.35 x 0.85 x 0.80 m fit no real bathtub (width (1.4, 1.9), depth (0.65, 0.9), height (0.4, 0.72))",,Generated modern minimal bathtub (3)
gen_bathtub_modern_minimal_5_29a3d1b9,bathtub,furniture,generated,"generated (TRELLIS.2-4B, MIT)",1.3187,0.7413,0.8,removed,removed,"proportions 1.32 x 0.74 x 0.80 m fit no real bathtub (width (1.4, 1.9), depth (0.65, 0.9), height (0.4, 0.72))",,Generated modern minimal bathtub (5)
gen_bathtub_scandinavian_1_230fe403,bathtub,furniture,generated,"generated (TRELLIS.2-4B, MIT)",1.2613,0.7771,0.8,removed,removed,"proportions 1.26 x 0.78 x 0.80 m fit no real bathtub (width (1.4, 1.9), depth (0.65, 0.9), height (0.4, 0.72))",,Generated scandinavian bathtub (1)
gen_bathtub_scandinavian_2_6fde34a5,bathtub,furniture,generated,"generated (TRELLIS.2-4B, MIT)",1.3935,0.8023,0.8,removed,removed,"proportions 1.39 x 0.80 x 0.80 m fit no real bathtub (width (1.4, 1.9), depth (0.65, 0.9), height (0.4, 0.72))",,Generated scandinavian bathtub (2)
gen_bathtub_scandinavian_4_a6fdd251,bathtub,furniture,generated,"generated (TRELLIS.2-4B, MIT)",1.324,0.7372,0.8,removed,removed,"proportions 1.32 x 0.74 x 0.80 m fit no real bathtub (width (1.4, 1.9), depth (0.65, 0.9), height (0.4, 0.72))",,Generated scandinavian bathtub (4)
gen_bathtub_scandinavian_6_c1f08777,bathtub,furniture,generated,"generated (TRELLIS.2-4B, MIT)",1.2847,0.7774,0.8,removed,removed,"proportions 1.28 x 0.78 x 0.80 m fit no real bathtub (width (1.4, 1.9), depth (0.65, 0.9), height (0.4, 0.72))",,Generated scandinavian bathtub (6)
gen_bathtub_scandinavian_7_da9e6172,bathtub,furniture,generated,"generated (TRELLIS.2-4B, MIT)",1.2465,0.7188,0.8,removed,removed,"proportions 1.25 x 0.72 x 0.80 m fit no real bathtub (width (1.4, 1.9), depth (0.65, 0.9), height (0.4, 0.72))",,Generated scandinavian bathtub (7)
objaverse_84d5cdc68a674e12958f41500e988502,bathtub,furniture,objaverse,CC-BY-NC-4.0,1.2425,1.0292,0.4591,removed,removed,"licence CC-BY-NC-4.0 not allowed (user decision of 10 Oct 2026) | proportions 1.24 x 1.03 x 0.46 m fit no real bathtub (width (1.4, 1.9), depth (0.65, 0.9), height (0.4, 0.72))",,CARBAWH1-6DT01
abo_B00OGP5S98,tv_unit,furniture,abo,CC-BY-4.0,1.2,0.4,0.51,pending,vision?,,,"Home Corona 2 unità da 1 TV a schermo Piatto, supporto/ripostigli"
abo_B01DA8QJYO,tv_unit,furniture,abo,CC-BY-4.0,1.0798,0.4399,0.5499,pending,keep?,,,"Amazon Brand - Movian Corona TV Cabinet, Flat Screen Stand Unit, Solid Pine Wood"
abo_B072ZMT5SD,tv_unit,furniture,abo,CC-BY-4.0,1.4861,0.3986,0.3954,pending,keep?,,,"Amazon Brand – Rivet King Street Industrial TV Media Console Table with Three Drawers, Black Metal and Wood, Glass"
abo_B072ZNMKGM,tv_unit,furniture,abo,CC-BY-4.0,1.1989,0.3988,0.8001,pending,keep?,,,"Amazon Brand – Rivet King Street Industrial Cabinet Media Console Table With Functional Storage, Walnut, Black Metal, Glass"
abo_B072ZNPRTC,tv_unit,furniture,abo,CC-BY-4.0,1.1989,0.4013,0.8001,pending,keep?,,,"Amazon Brand – Rivet King Street Industrial Four-Drawer Media Console Table, Walnut, Black Metal, Glass"
abo_B075Z1NM5W,tv_unit,furniture,abo,CC-BY-4.0,1.4989,0.4992,0.4914,pending,keep?,,,"Amazon Brand – Rivet Eastport Modern Industrial Entertainment Center Console TV Stand Table, 59""W, Oak"
abo_B075Z8KX9N,tv_unit,furniture,abo,CC-BY-4.0,1.8044,0.4529,0.5728,pending,keep?,,,"Amazon Brand – Stone & Beam Ferndale Rustic Reclaimed Pine Media TV Console Stand, 71""W, Sandstone"
abo_B07B7J5BC2,tv_unit,furniture,abo,CC-BY-4.0,1.5747,0.4794,0.7188,pending,keep?,,,"Amazon Brand – Stone & Beam Alan Casual Wood Media TV Console Table, 62""W, Washed Navy and Gold"
abo_B07B8FN8TP,tv_unit,furniture,abo,CC-BY-4.0,1.4777,0.4614,0.8518,pending,keep?,,,"Amazon Brand – Stone & Beam Traditional Oak Wood Media TV Console Table, 59"", Walnut Finish"
abo_B07B8RYY41,tv_unit,furniture,abo,CC-BY-4.0,1.6259,0.4515,0.6604,pending,keep?,,,"Amazon Brand – Stone & Beam Bruckner Casual Wood Media Table, 64""W, Brown"
abo_B07BVHKPFS,tv_unit,furniture,abo,CC-BY-4.0,1.6262,0.4805,0.6096,pending,keep?,,,"Amazon Brand – Rivet Bowlyn Mid-Century Modern Wood TV Media Table Stand, 64"", Walnut"
abo_B07C9YVDHJ,tv_unit,furniture,abo,CC-BY-4.0,1.3723,0.4805,0.6096,pending,keep?,,,"Amazon Brand – Rivet Bowlyn Mid-Century Modern Wood TV Media Table Stand, 54"", Walnut"
abo_B07DYV7WNN,tv_unit,furniture,abo,CC-BY-4.0,1.0668,0.4064,0.8128,pending,keep?,,,"ROCKPOINT TV Stand, 42x16x23.6inch, Walnut Brown"
abo_B07HSG5DGP,tv_unit,furniture,abo,CC-BY-4.0,1.4801,0.4543,0.5065,pending,keep?,,,"Amazon Brand – Rivet Roxmere Mid-Century Modern TV Media Console Center Stand, 59""W, Acacia Wood &amp; Dark Metal"
abo_B07JGPKSBB,tv_unit,furniture,abo,CC-BY-4.0,1.55,0.4,0.44,pending,keep?,,,"Amazon Brand - Movian TV Unit with Storage, 40 x 154cm, Oak/Timber/High Gloss White"
abo_B07K6VT8VN,tv_unit,furniture,abo,CC-BY-4.0,1.8999,0.4199,0.537,pending,keep?,,,Movian TV Board for TVs up to 80 Inches
abo_B07QB8DQ45,tv_unit,furniture,abo,CC-BY-4.0,1.8039,0.4054,0.787,pending,keep?,,,"Amazon Brand – Rivet Corban Contemporary 2-Drawer Media Console, 75""W, Gray"
abo_B07QF9QCZ1,tv_unit,furniture,abo,CC-BY-4.0,1.1938,0.4054,0.787,pending,keep?,,,"Amazon Brand – Rivet Corban Contemporary Media Cabinet, 59""W, Gray"
abo_B07SB8WWHD,tv_unit,furniture,abo,CC-BY-4.0,1.5,0.41,0.44,pending,keep?,,,"Amazon Brand - Movian 2-Door TV Stand, 150 x 41 x 44 cm, White"
abo_B07VHNMRY8,tv_unit,furniture,abo,CC-BY-4.0,1.76,0.4,0.58,pending,keep?,,,"Amazon Brand - Movian 2-Door 1-Shelf TV Stand, 176 x 40 x 58 cm, White and Oak Effect"
abo_B074KKXLK1,bookshelf,furniture,abo,CC-BY-4.0,0.5388,0.3951,1.7323,pending,keep?,,,"Amazon Brand – Stone & Beam Glenwood Bookcase, 72""H, Oak"
abo_B075Z6YS1Z,bookshelf,furniture,abo,CC-BY-4.0,0.8735,0.3586,1.8605,pending,keep?,,,"Amazon Brand – Stone & Beam Larson Industrial Wood and Metal 4-Shelf Bookcase, 73""H, Walnut"
abo_B07B7J2VCD,bookshelf,furniture,abo,CC-BY-4.0,0.8636,0.4528,1.9304,pending,keep?,,,"Amazon Brand – Stone & Beam Casual Wood Bookcase, 34""W, Natural Rattan"
abo_B07H8P1N9T,bookshelf,furniture,abo,CC-BY-4.0,1.0,0.4498,1.3899,pending,keep?,,,"Amazon Brand - Movian Moselle 2-Door Cabinet/Bookcase with 8 Shelves, 139 x 100 x 45cm, Light Brown Oak-Effect/White"
abo_B07H8SQ2NZ,bookshelf,furniture,abo,CC-BY-4.0,0.9951,0.4342,1.4047,pending,keep?,,,"Amazon Brand - Movian Oker 2-Door Cabinet/Bookcase with 8 Shelves, 100 x 140cm, Light Brown Oak-Effect/White"
abo_B07HSCJZQM,bookshelf,furniture,abo,CC-BY-4.0,0.6522,0.4537,2.0049,pending,keep?,,,"Amazon Brand – Rivet Roxmere Modern Ladder Bookcase, 23.6""W, Acacia Wood and Dark Metal"
abo_B07HSCNKCT,bookshelf,furniture,abo,CC-BY-4.0,0.7481,0.3075,1.4707,pending,keep?,,,"Stone & Beam Rylee Modern Bookcase 39.4""Wx76.8”H, Mixed Gray"
abo_B07JGY5LNV,bookshelf,furniture,abo,CC-BY-4.0,0.95,0.4199,2.0198,pending,keep?,,,"Amazon Brand - Alkove Velle Bookcase, 42 x 95 x 202cm, Oiled Honey Oak"
abo_B07PMK78R8,bookshelf,furniture,abo,CC-BY-4.0,0.6,0.35,1.77,pending,keep?,,,"AmazonBasics Modern 5-Tier Ladder Bookshelf Organizer with Solid Rubber Wood Frame, Espresso"
abo_B07PQS58XN,bookshelf,furniture,abo,CC-BY-4.0,0.6604,0.381,1.8923,pending,keep?,,,AmazonBasics Classic 5-Shelf Open Bookcase Organizer with Solid Rubber Wood Frame - Espresso
abo_B07PSZHDNK,bookshelf,furniture,abo,CC-BY-4.0,0.66,0.3817,1.8917,pending,keep?,,,AmazonBasics Classic 5-Tier Open Bookcase with Solid Rubber Wood - Walnut
abo_B07QC876WJ,bookshelf,furniture,abo,CC-BY-4.0,0.8738,0.3861,1.8034,pending,keep?,,,"Amazon Brand – Rivet Davenport Contemporary Shelf, 34""W, Elm and Metal"
abo_B082JGV1YM,bookshelf,furniture,abo,CC-BY-4.0,0.8052,0.3353,1.905,pending,keep?,,,"Amazon Brand – Stone & Beam 5-Shelf Bookcase, 75""H, Weathered Oak Finish"
objaverse_4939d1bca386405f9cc22c48441b63de,bookshelf,furniture,objaverse,CC-BY-4.0,0.9994,0.5023,1.2805,pending,removed?,,,Bookcase
objaverse_68baafb344b2445a8e7f4917b6fe8a63,bookshelf,furniture,objaverse,CC-BY-4.0,1.1611,0.3919,1.8397,pending,keep?,,,Scaffale B
objaverse_6c5ac2547db34c3c81b2e4808b000386,bookshelf,furniture,objaverse,CC-BY-4.0,0.9199,0.3865,2.08,pending,keep?,,,Dusty Old Bookshelf (FREE)
objaverse_7a545709aa98429a9b30f812f70193f7,bookshelf,furniture,objaverse,CC-BY-4.0,1.026,0.4435,1.6807,pending,keep?,,,Bookcase
objaverse_b43c45317fd74a4aa9ba443b9a355ea3,bookshelf,furniture,objaverse,CC-BY-4.0,1.0475,0.4344,1.9166,pending,keep?,,,Bookcase
objaverse_d48a42e91c5d4716a8c254addf8c9d99,bookshelf,furniture,objaverse,CC-BY-4.0,1.1753,0.3871,1.8916,pending,keep?,,,High Bookcase
objaverse_eb98251fbccf4cdd8a3737362e2378e9,bookshelf,furniture,objaverse,CC-BY-4.0,0.965,0.29,1.04,pending,keep?,,,Solo 100シェルフ WN
abo_B01D3C7Z4A,nightstand,furniture,abo,CC-BY-4.0,0.4277,0.4181,0.6138,pending,keep?,,,"Amazon Brand - Hallowood Waverly 1 Drawer Small Side Table in Light Oak Finish | Solid Wooden End/Lamp Stand/Bedside Cabinet/Nightstand, (WAV-LAM590)"
abo_B072ZMHBKQ,nightstand,furniture,abo,CC-BY-4.0,0.37,0.2881,0.5078,pending,keep?,,,"Amazon Brand – Rivet Mid-Century Modern Lacquer Side End Table Nightstand, Grey and Walnut"
abo_B074KKMQBG,nightstand,furniture,abo,CC-BY-4.0,0.4652,0.41,0.695,pending,keep?,,,"Amazon Brand – Stone & Beam Cabernet Slatted 3-Drawer Side End Table Nightstand, 18.9""W, Ash"
abo_B075X38PZ7,nightstand,furniture,abo,CC-BY-4.0,0.5856,0.4613,0.5968,pending,keep?,,,"Amazon Brand – Stone & Beam Newport Nightstand End Table, 22""W, Toffee Oak"
abo_B079VK52WZ,nightstand,furniture,abo,CC-BY-4.0,0.4,0.36,0.47,pending,keep?,,,"Amazon Brand - Movian High Gloss 2 Drawer Bedside Cabinet, Black and Walnut, 47 x 40 x 36 cm"
abo_B079VKDKC1,nightstand,furniture,abo,CC-BY-4.0,0.4,0.36,0.47,pending,keep?,,,"Amazon Brand - Movian High Gloss 2 Drawer Bedside Cabinet, White and Walnut, 47 x 40 x 36 cm"
abo_B079VNKB6Z,nightstand,furniture,abo,CC-BY-4.0,0.4,0.36,0.56,pending,keep?,,,"Amazon Brand - Movian High Gloss 3 Drawer Bedside Cabinet, Black and Walnut, 56 x 40 x 36 cm"
abo_B079VNL3CG,nightstand,furniture,abo,CC-BY-4.0,0.4,0.36,0.56,pending,keep?,,,"Amazon Brand - Movian High Gloss 3 Drawer Bedside Cabinet, Black, 56 x 40 x 36 cm"
abo_B07DVRLW48,nightstand,furniture,abo,CC-BY-4.0,0.4793,0.4021,0.6229,pending,keep?,,,"Ravenna Home Priscilla Modern X-Frame End Table Nightstand, 18.9""W"
abo_B07K7K7GTZ,nightstand,furniture,abo,CC-BY-4.0,0.5598,0.4399,0.4699,pending,keep?,,,"Amazon Brand - Alkove Hayes 1-Drawer Solid Wood Nightstand, 56 x 44 x 47cm, Wild Oak"
abo_B07L1DH1PX,nightstand,furniture,abo,CC-BY-4.0,0.4,0.461,0.46,pending,keep?,,,Amazon Brand - Solimo Aquilla Engineered Wood Bedside Table with Drawer (Wenge Finish)
abo_B07PX3CC31,nightstand,furniture,abo,CC-BY-4.0,0.4801,0.381,0.635,pending,keep?,,,AmazonBasics Classic Wood Nightstand End Table with Cabinet - Black Oak
abo_B07QD6TXWS,nightstand,furniture,abo,CC-BY-4.0,0.5714,0.4068,0.6096,pending,keep?,,,"Amazon Brand – Rivet Claremont Contemporary Nightstand with Tapered Legs, 20""W, Pale Wood and White"
abo_B07QS8TBXT,nightstand,furniture,abo,CC-BY-4.0,0.3988,0.4041,0.4467,pending,keep?,,,"Amazon Brand Movian Emme, Bedside Table, 40 x 40 x 45 cm (L x W x H), High Gloss White"
abo_B07RNZC4TJ,nightstand,furniture,abo,CC-BY-4.0,0.45,0.38,0.5,pending,keep?,,,"AmazonBasics 2-Drawer Bedside Table, 45 x 38 x 49 cm, Light Brown/Dark Grey"
abo_B07RPZSM4W,nightstand,furniture,abo,CC-BY-4.0,0.45,0.38,0.53,pending,keep?,,,"AmazonBasics - 1-Drawer 1-Shelf Bedside Table, 45 x 38 x 53 cm, Beige with Grey Drawer"
abo_B07VB7Q6W7,nightstand,furniture,abo,CC-BY-4.0,0.6,0.42,0.5,pending,keep?,,,"Amazon Brand - Movian Kyyvesi, 2-Drawer Storage Night Stand, 60 x 42 x 50 cm, Walnut Effect"
abo_B084MYDTKM,nightstand,furniture,abo,CC-BY-4.0,0.4572,0.4064,0.5588,pending,keep?,,,"Amazon Brand - Rivet Mango Wood and Iron 3-Drawer Shutter Nightstand, 18""W, Natural Finish"
abo_B00838756S,dresser,furniture,abo,CC-BY-4.0,0.99,0.41,0.74,pending,keep?,,,"Vida Designs Corona Merchant Chest Of Drawers, 9 Drawer, Solid Pine Wood"
abo_B009S7IZWG,dresser,furniture,abo,CC-BY-4.0,0.915,0.44,0.835,pending,keep?,,,"Amazon Brand - Movian Corona Sideboard, 1 Door 4 Drawer, Solid Pine Wood, 76 x 86 x 40 cm"
abo_B01557QQSW,dresser,furniture,abo,CC-BY-4.0,0.9799,0.38,0.8999,pending,keep?,,,"Marchio Amazon - Movian, credenze modello Minho, 98 x 90 x 38 cm, quercia Sanremo"
abo_B01MG6BPC6,dresser,furniture,abo,CC-BY-4.0,0.8,0.41,0.73,pending,keep?,,,"Vida Designs Corona Chest Of Drawers, 4 Drawer, Rustic, Solid Pine Wood."
abo_B071FJR3S6,dresser,furniture,abo,CC-BY-4.0,1.6464,0.6226,1.0612,pending,keep?,,,"Amazon Brand – Stone & Beam Glenwood Industrial Metal Dresser, 60""W, Oak"
abo_B071FJR3SR,dresser,furniture,abo,CC-BY-4.0,0.9652,0.5083,1.3215,pending,keep?,,,"Amazon Brand – Stone & Beam Glenwood Industrial Metal Chest of Drawers, 52""H, Oak"
abo_B071FJR479,dresser,furniture,abo,CC-BY-4.0,1.5234,0.5124,0.8887,pending,keep?,,,"Amazon Brand – Rivet West, Mid-Century, Oak Distinct Grain, 6-Drawer Dresser, 60""W, Dark Oak Finish"
abo_B071P9WJBT,dresser,furniture,abo,CC-BY-4.0,1.657,0.5635,0.932,pending,keep?,,,"Amazon Brand – Stone & Beam Parson 6-Drawer Wood Bedroom Dresser, 60""W, Natural"
abo_B071SHBTM5,dresser,furniture,abo,CC-BY-4.0,0.9643,0.5162,1.3205,pending,keep?,,,"Amazon Brand – Rivet West, Mid-Century, Oak Distinct Grain Chest Bedroom Dresser, 38""W, Dark Oak Finish"
abo_B075YZYJQN,dresser,furniture,abo,CC-BY-4.0,0.7615,0.4791,1.2401,pending,keep?,,,"Amazon Brand – Rivet Eastport Industrial Wood Dresser, 30""W, Oak Finish"
abo_B079X4CP3F,dresser,furniture,abo,CC-BY-4.0,0.7501,0.3599,0.7201,pending,keep?,,,"Amazon Brand - Movian Hulio High Gloss 4 Drawer Chest Of Drawers, Black and Walnut, 72 x 75 x 36 cm"
abo_B07B4VXZZC,dresser,furniture,abo,CC-BY-4.0,1.0486,0.4627,0.9862,pending,keep?,,,"Amazon Brand – Stone & Beam Gould Contemporary Wood Bedroom Dresser Chest, 18"", Washed Navy and Gold"
abo_B07FFWSBBF,dresser,furniture,abo,CC-BY-4.0,1.016,0.4572,1.2192,pending,keep?,,,"Artum Hill BE6-802 Laurel Dresser, 5-Drawer, Modern Gray"
abo_B07FK1HLZ4,dresser,furniture,abo,CC-BY-4.0,1.6256,0.4572,1.016,pending,keep?,,,"Artum Hill BE5-539 Kensington Dresser, 6-Drawer, Limestone Gray"
abo_B07HSDP2CP,dresser,furniture,abo,CC-BY-4.0,0.9673,0.4455,0.8471,pending,keep?,,,"Amazon Brand – Rivet Modern Chest of Drawers with Diamond Pattern 17.3""W, Walnut &amp; Gray Wash"
abo_B07HSH4WFB,dresser,furniture,abo,CC-BY-4.0,0.9228,0.453,0.8012,pending,keep?,,,"Amazon Brand – Rivet Modern Chest of Drawers with Diamond Pattern, 17.7 Inch Width, Natural"
abo_B07PVBJ7X8,dresser,furniture,abo,CC-BY-4.0,1.36,0.4005,0.7547,pending,keep?,,,"Ameriwood Home Classic 6 Drawer Dresser, Espresso"
abo_B07PYKPBY9,dresser,furniture,abo,CC-BY-4.0,0.7038,0.4179,1.2539,pending,keep?,,,"Ameriwood Home Classic 5 Drawer Dresser, Espresso"
gen_washing_machine_classic_1_dffff7e0,washing_machine,furniture,generated,"generated (TRELLIS.2-4B, MIT)",0.6424,0.6081,0.8899,pending,vision?,,,Generated classic washing machine (1)
gen_washing_machine_industrial_1_b7c9d275,washing_machine,furniture,generated,"generated (TRELLIS.2-4B, MIT)",0.5911,0.6609,0.8957,pending,vision?,,,Generated industrial washing machine (1)
gen_washing_machine_industrial_3_0a739610,washing_machine,furniture,generated,"generated (TRELLIS.2-4B, MIT)",0.6499,0.601,0.8967,pending,vision?,,,Generated industrial washing machine (3)
gen_washing_machine_japandi_1_f1f4def2,washing_machine,furniture,generated,"generated (TRELLIS.2-4B, MIT)",0.623,0.627,0.8537,pending,vision?,,,Generated japandi washing machine (1)
gen_washing_machine_japandi_2_d8b8ac48,washing_machine,furniture,generated,"generated (TRELLIS.2-4B, MIT)",0.6351,0.6151,0.8804,pending,vision?,,,Generated japandi washing machine (2)
gen_washing_machine_japandi_3_3e2ddcc7,washing_machine,furniture,generated,"generated (TRELLIS.2-4B, MIT)",0.5851,0.6676,0.8395,pending,vision?,,,Generated japandi washing machine (3)
gen_washing_machine_japandi_5_030a02dc,washing_machine,furniture,generated,"generated (TRELLIS.2-4B, MIT)",0.6489,0.602,0.8814,pending,vision?,,,Generated japandi washing machine (5)
gen_washing_machine_mediterranean_1_bffe5bde,washing_machine,furniture,generated,"generated (TRELLIS.2-4B, MIT)",0.6058,0.6448,0.8282,pending,vision?,,,Generated mediterranean washing machine (1)
gen_washing_machine_minimal_1_9ec6e746,washing_machine,furniture,generated,"generated (TRELLIS.2-4B, MIT)",0.6138,0.6364,0.8552,pending,vision?,,,Generated minimal washing machine (1)
gen_washing_machine_modern_1_f4bdd46e,washing_machine,furniture,generated,"generated (TRELLIS.2-4B, MIT)",0.6007,0.6503,0.8426,pending,vision?,,,Generated modern washing machine (1)
gen_washing_machine_modern_2_379d2585,washing_machine,furniture,generated,"generated (TRELLIS.2-4B, MIT)",0.6173,0.6328,0.8547,pending,vision?,,,Generated modern washing machine (2)
gen_washing_machine_modern_3_50bfae6f,washing_machine,furniture,generated,"generated (TRELLIS.2-4B, MIT)",0.6043,0.6464,0.8326,pending,vision?,,,Generated modern washing machine (3)
gen_washing_machine_modern_minimal_1_07b2b182,washing_machine,furniture,generated,"generated (TRELLIS.2-4B, MIT)",0.6186,0.6315,0.9012,pending,vision?,,,Generated modern minimal washing machine (1)
gen_washing_machine_modern_minimal_2_94b29e08,washing_machine,furniture,generated,"generated (TRELLIS.2-4B, MIT)",0.6389,0.6114,0.8756,pending,vision?,,,Generated modern minimal washing machine (2)
gen_washing_machine_modern_minimal_3_ff74255c,washing_machine,furniture,generated,"generated (TRELLIS.2-4B, MIT)",0.6838,0.5525,0.95,pending,vision?,,,Generated modern minimal washing machine (3)
gen_washing_machine_scandinavian_1_0a5054b6,washing_machine,furniture,generated,"generated (TRELLIS.2-4B, MIT)",0.6015,0.6494,0.8573,pending,vision?,,,Generated scandinavian washing machine (1)
gen_washing_machine_scandinavian_2_67f28c86,washing_machine,furniture,generated,"generated (TRELLIS.2-4B, MIT)",0.6272,0.6228,0.8369,pending,vision?,,,Generated scandinavian washing machine (2)
gen_washing_machine_scandinavian_3_292e2d11,washing_machine,furniture,generated,"generated (TRELLIS.2-4B, MIT)",0.5742,0.7088,0.8,pending,vision?,,,Generated scandinavian washing machine (3)
gen_washing_machine_scandinavian_4_d66cae6a,washing_machine,furniture,generated,"generated (TRELLIS.2-4B, MIT)",0.5835,0.6694,0.8121,pending,vision?,,,Generated scandinavian washing machine (4)
gen_washing_machine_scandinavian_5_ed8921b5,washing_machine,furniture,generated,"generated (TRELLIS.2-4B, MIT)",0.6497,0.6012,0.8863,pending,vision?,,,Generated scandinavian washing machine (5)
abo_B01N3MBCKT,side_table,furniture,abo,CC-BY-4.0,0.5063,0.5039,0.5867,pending,keep?,,,"Ameriwood Home Carver End Table, Gray/Sonoma Oak"
abo_B072ZKPK7J,side_table,furniture,abo,CC-BY-4.0,0.3988,0.3988,0.4597,pending,keep?,,,"Amazon Brand – Rivet Mid-Century Modern Round Black Wood Nesting Side End Table, 15.7"" W, Dark Oak"
abo_B075Z8627Z,side_table,furniture,abo,CC-BY-4.0,0.6777,0.5242,0.6125,pending,keep?,,,"Amazon Brand – Stone & Beam Larson Industrial Wood & Metal Side End Table, 27""W, Walnut"
abo_B075Z8KX91,side_table,furniture,abo,CC-BY-4.0,0.6096,0.6096,0.4572,pending,keep?,,,"Amazon Brand – Stone & Beam Ferndale Rustic Reclaimed Pine Side End Table, 24""W, Sandstone"
abo_B075Z8TDQ6,side_table,furniture,abo,CC-BY-4.0,0.432,0.4311,0.46,pending,keep?,,,"Amazon Brand – Stone & Beam Modern Rustic Reclaimed Elm Round Accent Side End Table, 16.9""W, Natural"
abo_B075ZBW1QM,side_table,furniture,abo,CC-BY-4.0,0.548,0.5529,0.4818,pending,keep?,,,"Stone & Beam Larson Industrial Wood & Metal Side End Table, 22""W, Set of 2, Walnut"
abo_B07B7J5XSQ,side_table,furniture,abo,CC-BY-4.0,0.4027,0.4147,0.5483,pending,keep?,,,"Amazon Brand – Rivet Modern Round Metal Side End Accent Table, 15""W, Black"
abo_B07B7J8CGH,side_table,furniture,abo,CC-BY-4.0,0.5047,0.7618,0.5047,pending,keep?,,,"Amazon Brand – Rivet Mid-Century Modern Honeycomb Square End/Side/Nesting Tables, Wood and Bronze"
abo_B07B7J8FV9,side_table,furniture,abo,CC-BY-4.0,0.43,0.4563,0.4927,pending,keep?,,,"Amazon Brand – Rivet Modern White Marble and Wood Double Storage Wood Shelf Side End Table, 21.3""H, White/Brass/Walnut"
abo_B07B7J8HFV,side_table,furniture,abo,CC-BY-4.0,0.508,0.7885,0.54,pending,keep?,,,"Amazon Brand – Rivet Modern Square Nesting End/Side Tables, Black Metal and Tempered Mirror Glass"
abo_B07DB92DKW,side_table,furniture,abo,CC-BY-4.0,0.2997,0.5994,0.701,pending,keep?,,,"Amazon Brand – Ravenna Home Aubree Mid-Century Modern Shelf Storage Side Table, 23.6""W, Grey pine"
abo_B07DMHP1ZY,side_table,furniture,abo,CC-BY-4.0,0.3988,0.6045,0.5893,pending,keep?,,,"2L Lifestyle Harbor Modern Wedge Side End Table,Brown"
abo_B07F3XLTRH,side_table,furniture,abo,CC-BY-4.0,0.5076,0.4567,0.4574,pending,keep?,,,"Amazon Brand – Ravenna Home Anne Marie Wood Curved Leg Shelf Storage Side End Table, 20""W, Black"
abo_B07H2J7689,side_table,furniture,abo,CC-BY-4.0,0.6604,0.5588,0.635,pending,keep?,,,Ball & Cast End Table
abo_B07HSCRGTJ,side_table,furniture,abo,CC-BY-4.0,0.6288,0.6283,0.6838,pending,keep?,,,"Amazon Brand – Stone & Beam 2-Tier Rustic Accent End Table, 26""W, Light Wood and Dark Metal"
abo_B07M6PKCM3,side_table,furniture,abo,CC-BY-4.0,0.3091,0.3086,0.3967,pending,keep?,,,"Amazon Brand – Ravenna Home Damask-Pattern Ceramic Garden Stool or Side Table, 16""H, Grey"
abo_B07MBFDHRY,side_table,furniture,abo,CC-BY-4.0,0.3517,0.3494,0.3865,pending,keep?,,,"Amazon Brand – Ravenna Home Clover-Pattern Ceramic Garden Stool or Side Table, 16""H, Grey"
abo_B07MF1TQYR,side_table,furniture,abo,CC-BY-4.0,0.325,0.3247,0.3881,pending,keep?,,,"Amazon Brand – Ravenna Home Moroccan-Pattern Ceramic Garden Stool or Side Table, 16""H, Grey"
abo_B07QGFZ2B4,side_table,furniture,abo,CC-BY-4.0,0.4986,0.498,0.5497,pending,keep?,,,"Amazon Brand – Rivet Industrial Mango-Topped Side Table, 19.61""W"
abo_B07W5648MH,side_table,furniture,abo,CC-BY-4.0,0.4,0.4,0.61,pending,keep?,,,"Amazon Brand - Rivet Round End/Side Table with 2 Shelves, 40 x 40 x 61 cm, Pine Wood with Walnut-Colour Lacquer/Metal"
abo_B07374K536,floor_lamp,furniture,abo,CC-BY-4.0,0.2352,0.618,1.6284,pending,keep?,,,"Amazon Brand – Rivet Caden Adjustable Task Floor Lamp with Bulb, 60""H, Black and Brass"
abo_B07374SBFN,floor_lamp,furniture,abo,CC-BY-4.0,0.4198,0.4198,1.4753,pending,keep?,,,"Amazon Brand – Stone & Beam Glass Column Brass Floor Lamp, With Bulb, Linen Shade, 13.0"" x 13.0"" x 59.0"", Brushed Brass"
abo_B073P25SXR,floor_lamp,furniture,abo,CC-BY-4.0,0.599,0.5716,1.7207,pending,keep?,,,"Rivet Mid-Century Modern Theory 5-Arm Living Room Floor Lamp with Edison Light Bulbs, 60""H, Black and Brass Finish"
abo_B073P3HHFT,floor_lamp,furniture,abo,CC-BY-4.0,0.4154,0.4281,1.7158,pending,keep?,,,"Rivet Adjustable Tree-Style 3-Light Floor Lamp, 69""H, with Bulbs, Bronze and Brass"
abo_B073P3S1NX,floor_lamp,furniture,abo,CC-BY-4.0,0.3101,0.3077,1.5688,pending,keep?,,,"Rivet Olive 4 Wood Shelf Standing Floor Lamp With Light Bulb and USB Charging Station - 11.8 x 11.8 x 62 Inches, Brass"
abo_B07B4ZK8BR,floor_lamp,furniture,abo,CC-BY-4.0,0.5731,0.5731,1.5173,pending,keep?,,,"Amazon Brand – Rivet Mid-Century Modern Floor Lamp with Wireless USB Port Charging Wood Table, 59""H, Light Bulb Included, Black"
abo_B07DBHCKML,floor_lamp,furniture,abo,CC-BY-4.0,0.5746,0.4055,1.7851,pending,keep?,,,"Amazon Brand – Ravenna Home Traditional Standing Floor Lamp with Reading Light and LED Light Bulb - 69.75 Inches, Brushed Nickel with Frosted Glass"
abo_B07DBK7KKZ,floor_lamp,furniture,abo,CC-BY-4.0,0.4055,0.4055,1.7707,pending,keep?,,,"Amazon Brand – Ravenna Home Frosted Glass Living Room Standing Floor Lamp with LED Light Bulb - 69.75 Inches, Brushed Nickel"
abo_B07HK8NDXS,floor_lamp,furniture,abo,CC-BY-4.0,0.4269,0.3842,1.474,pending,keep?,,,"Amazon Brand – Stone & Beam Rustic Storage Space/Shelving Unit Pull Chain Switch Floor Lamp with Bulb, 62""H, Black"
abo_B07HKF59YX,floor_lamp,furniture,abo,CC-BY-4.0,0.4036,0.4036,1.5171,pending,keep?,,,"Amazon Brand – Stone & Beam Mid-Century Modern Henley Living Room Standing Floor Lamp with LED Light Bulb - 15 x 15 x 58 Inches, Matte Black and Antique Brass"
abo_B07MBFDWY5,floor_lamp,furniture,abo,CC-BY-4.0,0.279,0.2789,1.5939,pending,keep?,,,"Amazon Brand – Ravenna Home Floor Lamp with Shelves, LED Light Bulb included, 62.75""H, Black"
abo_B0824FJCWG,floor_lamp,furniture,abo,CC-BY-4.0,0.3562,0.3562,1.4872,pending,keep?,,,"Amazon Brand – Ravenna Home Traditional Metal Floor Lamp with Stacked Oval Accents, LED Bulb Included, 58.5""H, Polished Nickel"
gen_floor_lamp_japandi_1_4be1c62d,floor_lamp,furniture,generated,"generated (TRELLIS.2-4B, MIT)",0.4549,0.4548,1.2,pending,vision?,,,Generated japandi floor lamp (1)
gen_floor_lamp_japandi_2_ef5fd39d,floor_lamp,furniture,generated,"generated (TRELLIS.2-4B, MIT)",0.5682,0.5651,1.2,pending,vision?,,,Generated japandi floor lamp (2)
objaverse_01c53767c1f84f55ad9f46eb89949cf9,floor_lamp,furniture,objaverse,CC-BY-4.0,0.3317,0.381,2.1,removed,removed,the title says street lamp: an outdoor piece,,Street Lamp
objaverse_0a34dc814a3a44cfa76388e732c05376,floor_lamp,furniture,objaverse,CC-BY-4.0,0.3595,0.3595,2.1,removed,removed,the title says lamppost: an outdoor piece,,Lamppost
objaverse_0eba4ad785674d3586aafc82854100fa,floor_lamp,furniture,objaverse,CC-BY-4.0,0.585,0.6104,1.2,pending,keep?,,,lamp
objaverse_33eb258d9873435690254cfbb0ea46ec,floor_lamp,furniture,objaverse,CC-BY-4.0,0.5172,0.5172,2.0,pending,keep?,,,Floor Lamp
objaverse_53409613b45b42b98b979f12ab8faa12,floor_lamp,furniture,objaverse,CC-BY-4.0,0.5182,0.5182,1.2,removed,removed,the title says low poly: not photoreal,,low poly Lamp 3d model
objaverse_71853da424aa4b208e14f6cf430339ae,floor_lamp,furniture,objaverse,CC-BY-4.0,0.3486,0.3486,2.1,removed,removed,the title says street light: an outdoor piece,,Street lights
gen_potted_plant_classic_3_6a0eb8d8,potted_plant,furniture,generated,"generated (TRELLIS.2-4B, MIT)",0.499,0.4788,1.0004,pending,vision?,,,Generated classic potted plant (3)
gen_potted_plant_industrial_2_eb3d21f5,potted_plant,furniture,generated,"generated (TRELLIS.2-4B, MIT)",0.4887,0.4879,1.0011,pending,vision?,,,Generated industrial potted plant (2)
gen_potted_plant_industrial_3_23920a8f,potted_plant,furniture,generated,"generated (TRELLIS.2-4B, MIT)",0.5106,0.5205,0.9991,pending,vision?,,,Generated industrial potted plant (3)
gen_potted_plant_japandi_1_63c10a71,potted_plant,furniture,generated,"generated (TRELLIS.2-4B, MIT)",0.4501,0.4779,1.0006,pending,vision?,,,Generated japandi potted plant (1)
gen_potted_plant_japandi_2_9a3effd1,potted_plant,furniture,generated,"generated (TRELLIS.2-4B, MIT)",0.5099,0.4365,0.9943,pending,vision?,,,Generated japandi potted plant (2)
gen_potted_plant_japandi_3_36d34f2a,potted_plant,furniture,generated,"generated (TRELLIS.2-4B, MIT)",0.5213,0.5262,1.0006,pending,vision?,,,Generated japandi potted plant (3)
gen_potted_plant_mediterranean_1_38a58433,potted_plant,furniture,generated,"generated (TRELLIS.2-4B, MIT)",0.4968,0.449,1.0003,pending,vision?,,,Generated mediterranean potted plant (1)
gen_potted_plant_mediterranean_3_068971b6,potted_plant,furniture,generated,"generated (TRELLIS.2-4B, MIT)",0.5534,0.5442,0.9998,pending,vision?,,,Generated mediterranean potted plant (3)
gen_potted_plant_minimal_1_5cf2e7a2,potted_plant,furniture,generated,"generated (TRELLIS.2-4B, MIT)",0.4915,0.5272,0.9988,pending,vision?,,,Generated minimal potted plant (1)
gen_potted_plant_modern_1_8fbfec3c,potted_plant,furniture,generated,"generated (TRELLIS.2-4B, MIT)",0.5597,0.5243,1.0011,pending,vision?,,,Generated modern potted plant (1)
gen_potted_plant_modern_minimal_1_6b4ad5f1,potted_plant,furniture,generated,"generated (TRELLIS.2-4B, MIT)",0.509,0.5116,0.9952,pending,vision?,,,Generated modern minimal potted plant (1)
gen_potted_plant_scandinavian_1_04f97c4b,potted_plant,furniture,generated,"generated (TRELLIS.2-4B, MIT)",0.5733,0.5558,0.9997,pending,vision?,,,Generated scandinavian potted plant (1)
gen_potted_plant_scandinavian_2_98f7bbd2,potted_plant,furniture,generated,"generated (TRELLIS.2-4B, MIT)",0.488,0.4476,1.001,pending,vision?,,,Generated scandinavian potted plant (2)
gen_potted_plant_scandinavian_3_ef4f2d99,potted_plant,furniture,generated,"generated (TRELLIS.2-4B, MIT)",0.5045,0.5567,1.0001,pending,vision?,,,Generated scandinavian potted plant (3)
objaverse_41e58efcf647494483f9860df99acf60,potted_plant,furniture,objaverse,CC-BY-4.0,0.5984,0.6016,0.487,removed,removed,"the title names empty flower pot, not a potted_plant",,Empty Flower Pot
objaverse_57972124483145b4a4bbf4fd4caca6e7,potted_plant,furniture,objaverse,CC-BY-4.0,0.6171,0.5834,0.612,pending,keep?,,,succulent
objaverse_71b53eaee72e4a829a9256a7bcfb7dab,potted_plant,furniture,objaverse,CC-BY-4.0,0.2217,0.2337,0.305,pending,keep?,,,Cacti pot
objaverse_9dd44cda400c48a083ffd9480067f04f,potted_plant,furniture,objaverse,CC-BY-4.0,0.4967,0.4967,0.5116,pending,keep?,,,Succulent
objaverse_b99c584dd11d4691b5d13303383371e5,potted_plant,furniture,objaverse,CC-BY-4.0,0.6,0.6,0.5802,pending,keep?,,,FlowerPot
objaverse_bf122cd0854e422bb94704552c64810b,potted_plant,furniture,objaverse,CC-BY-4.0,0.2378,0.2608,0.3615,pending,keep?,,,CGT 116 Wk8 Plant
abo_B0714QGLNB,sofa_corner,furniture,abo,CC-BY-4.0,2.4481,2.4301,0.867,pending,keep?,,,"Amazon Brand – Rivet Emerly Modern Sectional Sofa, 96""W, Ecru"
abo_B07B4FZXK2,sofa_corner,furniture,abo,CC-BY-4.0,1.2576,2.7312,0.7547,pending,fix?,,"{""front_quarter_turns"": 1}","Amazon Brand – Rivet Edgewest Low Back Modern Right Chaise Sofa Sectional, 115""W, Grey Linen"
abo_B07BW8MJQT,sofa_corner,furniture,abo,CC-BY-4.0,1.467,3.186,0.8752,pending,fix?,,"{""front_quarter_turns"": 3}","Amazon Brand – Rivet Edgewest Low Back Modern Left Sofa Chaise Sectional, 115""W, Beige"
abo_B07BW8MJR2,sofa_corner,furniture,abo,CC-BY-4.0,2.9232,1.4695,0.8163,pending,keep?,,,"Amazon Brand – Rivet Edgewest Low Back Contemporary Modern L-Sectional Sofa, 116""W, Grey Linen"
abo_B07BW8MNQZ,sofa_corner,furniture,abo,CC-BY-4.0,3.2034,1.5808,0.8832,pending,keep?,,,"Amazon Brand – Stone & Beam Andover Right-Facing L-Shaped Sectional, 124""W, Charcoal Leather"
abo_B07BW8PWBB,sofa_corner,furniture,abo,CC-BY-4.0,3.2382,2.5507,0.8528,pending,keep?,,,"Amazon Brand – Stone & Beam Andover Modern Right U-Sectional Sofa, 134""W, Sand"
abo_B07BW8PZ2P,sofa_corner,furniture,abo,CC-BY-4.0,3.1516,2.4382,0.8356,pending,keep?,,,"Amazon Brand – Stone & Beam Andover Leather Left-Facing L-Shaped Sectional, 124""W, Driftwood"
abo_B07BW8QSLC,sofa_corner,furniture,abo,CC-BY-4.0,2.7366,1.8787,0.7565,pending,keep?,,,"Amazon Brand – Rivet Edgewest Low Back Modern Right U-Sectional, 117""W, Blue"
abo_B07BWJCPWV,sofa_corner,furniture,abo,CC-BY-4.0,2.4379,1.6217,0.9872,pending,keep?,,,"Amazon Brand – Rivet Emerly Modern Sofa Chaise, 96""W, Navy"
abo_B07BWKD3BG,sofa_corner,furniture,abo,CC-BY-4.0,2.0867,1.4957,0.8612,pending,keep?,,,"Amazon Brand – Stone & Beam Dalton Chaise Sectional Sofa Couch, 91.5"", Stone"
abo_B07BWLJRCD,sofa_corner,furniture,abo,CC-BY-4.0,2.0867,1.4957,0.8612,pending,keep?,,,"Amazon Brand – Stone & Beam Dalton Sofa Couch with Chaise, Sand"
abo_B07K8V2JRF,sofa_corner,furniture,abo,CC-BY-4.0,2.3,1.58,0.86,pending,keep?,,,"Amazon Brand - Movian Djuran 3-Seater Upholstered L-Shaped Corner Sofa with Right Side Chaise, 230 x 158 x 86 cm, Stain-Resistant Polyester, Steel Grey"
abo_B07K8Z4VGB,sofa_corner,furniture,abo,CC-BY-4.0,2.6599,1.6099,0.73,pending,keep?,,,"Amazon Brand - Movian Enan 3-Seater Upholstered L-Shaped Corner Sofa with Right Side Chaise, 266 x 86 x 73 cm, Stain-Resistant Polyester, Light Grey"
abo_B07QBMQ4YF,sofa_corner,furniture,abo,CC-BY-4.0,2.1781,1.5057,0.876,pending,keep?,,,"Amazon Brand – Rivet Aiden Mid-Century Sectional with Tapered Wood Legs, 86""W, Hunter Green"
abo_B084XMQK3G,sofa_corner,furniture,abo,CC-BY-4.0,2.068,2.0703,0.9883,pending,keep?,,,Amazon Brand - Solimo Cartina 5 Seater L Shape Fabric Sofa Set (Grey)
abo_B084XMQNTQ,sofa_corner,furniture,abo,CC-BY-4.0,2.679,1.829,0.932,pending,keep?,,,Amazon Brand - Solimo Alen six Seater LHS L Shape Sofa Set (Brown)
abo_B084XMYGBF,sofa_corner,furniture,abo,CC-BY-4.0,2.12,1.829,0.787,pending,keep?,,,Amazon Brand - Solimo Alen Five Seater LHS L Shape Sofa Set (Blue)
gen_sofa_corner_industrial_2_64d3a8a9,sofa_corner,furniture,generated,"generated (TRELLIS.2-4B, MIT)",2.1268,2.1298,1.2,pending,vision?,,,Generated industrial sofa corner (2)
objaverse_138f793adde045a5a5247edf48f61eb1,sofa_corner,furniture,objaverse,CC-BY-4.0,3.0873,2.198,0.9969,pending,keep?,,,Paloma couch by soho Concept
abo_B07B4G5RBN,chaise,furniture,abo,CC-BY-4.0,0.8943,1.7793,0.8589,pending,keep?,,,"Amazon Brand – Stone & Beam Varon Modern Lounge Daybed Chaise, 34.2""W, Dark Grey"
abo_B07B4G5YPR,chaise,furniture,abo,CC-BY-4.0,0.9044,1.7793,0.883,pending,keep?,,,"Amazon Brand – Stone & Beam Varon Modern Lounge Daybed Chaise, 34.2""W, Indigo"
abo_B07M7MMPWY,chaise,furniture,abo,CC-BY-4.0,0.6752,1.3795,0.7868,pending,keep?,,,"Amazon Brand – Ravenna Home Classic Tufted Chaise Lounge, 58.3"" Length, Slate Grey"
abo_B07MFXP3X9,chaise,furniture,abo,CC-BY-4.0,0.6752,1.3795,0.7868,pending,keep?,,,"Amazon Brand – Ravenna Home Classic Tufted Chaise Lounge, 58.3"" Length, Soft Cream"
abo_B07PXDFW6L,chaise,furniture,abo,CC-BY-4.0,0.76,1.56,0.82,pending,keep?,,,"Phoenix Home Linen Chaise Lounger with Chrome Legs, Black"
gen_chaise_industrial_4_77836ff4,chaise,furniture,generated,"generated (TRELLIS.2-4B, MIT)",0.7652,1.7513,0.9974,pending,vision?,,,Generated industrial chaise (4)
gen_chaise_japandi_1_542da328,chaise,furniture,generated,"generated (TRELLIS.2-4B, MIT)",0.8247,1.6249,0.7592,pending,vision?,,,Generated japandi chaise (1)
gen_chaise_japandi_4_d279126b,chaise,furniture,generated,"generated (TRELLIS.2-4B, MIT)",1.0126,1.3233,0.7355,pending,vision?,,,Generated japandi chaise (4)
gen_chaise_minimal_3_f934a44d,chaise,furniture,generated,"generated (TRELLIS.2-4B, MIT)",0.7663,1.7486,0.8128,pending,vision?,,,Generated minimal chaise (3)
gen_chaise_scandinavian_4_c69c1983,chaise,furniture,generated,"generated (TRELLIS.2-4B, MIT)",0.7814,1.7149,0.8493,pending,vision?,,,Generated scandinavian chaise (4)
abo_B07124WMZZ,ottoman,furniture,abo,CC-BY-4.0,0.8232,0.6104,0.4782,pending,keep?,,,"Amazon Brand – Rivet Sloane Mid-Century Modern Ottoman with Tapered Legs, 32""W, Shell"
abo_B071W5VJF4,ottoman,furniture,abo,CC-BY-4.0,0.8205,0.6108,0.441,pending,keep?,,,"Amazon Brand – Rivet Sloane Mid-Century Angled Leg Modern Ottoman, 31.9""W, Pebble"
abo_B07B4CZP57,ottoman,furniture,abo,CC-BY-4.0,0.887,0.6586,0.5288,pending,keep?,,,"Amazon Brand – Stone & Beam Andover Ottoman, 32""W, Charcoal Leather"
abo_B07B4D4B6F,ottoman,furniture,abo,CC-BY-4.0,0.887,0.6586,0.5266,pending,keep?,,,"Amazon Brand – Stone & Beam Andover Ottoman, 32""W, Driftwood Leather"
abo_B07B4D8B2S,ottoman,furniture,abo,CC-BY-4.0,0.7946,0.5879,0.5087,pending,keep?,,,"Stone & Beam Bradbury Chesterfield Modern Tufted Leather Ottoman, 30.3""W, Brown"
abo_B07B4GVNLN,ottoman,furniture,abo,CC-BY-4.0,0.7726,0.5735,0.4972,pending,keep?,,,"Amazon Brand – Stone & Beam Brandeberry Farmhouse Charles of London Ottoman, 31""W, Grey Linen"
abo_B07CP9YN5Y,ottoman,furniture,abo,CC-BY-4.0,0.8382,0.4318,0.4699,pending,keep?,,,"Amazon Basics Faux Leather Rectangular Storage Ottoman, Dark Chocolate"
abo_B07CPH1V4Q,ottoman,furniture,abo,CC-BY-4.0,0.7876,0.7874,0.4599,pending,keep?,,,First Hill Damara Square-Shaped Large Faux-Leather Storage Ottoman - Bittersweet Chocolate
abo_B07CPLZ69W,ottoman,furniture,abo,CC-BY-4.0,0.8128,0.4064,0.4572,pending,keep?,,,First Hill Endora Rectangular Fabric Storage Ottoman with Script-Style Pattern - Storm Grey
abo_B07P5LM551,ottoman,furniture,abo,CC-BY-4.0,0.8106,0.6078,0.4494,pending,keep?,,,"Amazon Brand – Rivet Sloane Mid-Century Modern Ottoman with Tapered Legs, 31.9""W, Yellow"
abo_B07P6JTZYS,ottoman,furniture,abo,CC-BY-4.0,0.8693,0.6296,0.4615,pending,keep?,,,"Amazon Brand – Rivet Sloane Modern Leather Ottoman with Tapered Legs, 31.9""W, Caramel"
abo_B07QBMQH5B,ottoman,furniture,abo,CC-BY-4.0,0.4,0.4,0.4064,pending,keep?,,,"Amazon Brand – Rivet Asher Modern Storage Ottoman, 15.75""W, Fabric, Pink"
abo_B082Q8W9YR,ottoman,furniture,abo,CC-BY-4.0,0.8126,0.5589,0.4577,pending,keep?,,,"Amazon Brand – Stone & Beam Cedar Upholstered Ottoman with Nailheads, 32""W, Oat Beige"
abo_B082QCPWG3,ottoman,furniture,abo,CC-BY-4.0,0.7686,0.7683,0.4592,pending,keep?,,,"Amazon Brand – Rivet Revere Round Upholstered Iron-Framed Ottoman, 30.3""W, Ivory"
objaverse_18be8d9d50bf4ca4b24d81e404697b66,ottoman,furniture,objaverse,CC-BY-4.0,0.534,0.534,0.65,pending,keep?,,,Free Antique Footstool
objaverse_2c51399de3d3439383dcabef349d72b0,ottoman,furniture,objaverse,CC-BY-4.0,0.538,0.538,0.65,pending,keep?,,,Classic Stool
objaverse_300dde7f9b114295980ef7da782da86c,ottoman,furniture,objaverse,CC-BY-4.0,0.6781,0.7734,0.5758,pending,keep?,,,BTW Stool
objaverse_34fe7fd87a924cf8aeff89ea6f012bae,ottoman,furniture,objaverse,CC-BY-4.0,0.7776,0.7877,0.5659,pending,removed?,,,Wooden stool
objaverse_6c7858341c08466082912d2095417939,ottoman,furniture,objaverse,CC-BY-4.0,0.616,0.3562,0.4015,pending,keep?,,,Classical Bench
objaverse_c4304814dcc441b4a6ebb5cf99081ffe,ottoman,furniture,objaverse,CC-BY-NC-SA-4.0,0.6148,0.4967,0.3936,removed,removed,licence CC-BY-NC-SA-4.0 not allowed (user decision of 10 Oct 2026),,"Decor, footrest"
abo_B073G82HBV,bench,furniture,abo,CC-BY-4.0,0.9948,0.4759,0.4743,pending,keep?,,,"Amazon Brand – Stone & Beam Union Modern Storage Bench, 38""W, Teal"
abo_B07C8DHX43,bench,furniture,abo,CC-BY-4.0,1.2956,0.508,0.4445,pending,keep?,,,"Amazon Basics Rectangular Faux Leather Storage Ottoman Bench, Large - Russet Brown"
abo_B07D4FS7GY,bench,furniture,abo,CC-BY-4.0,0.6807,0.3658,0.4674,pending,keep?,,,"Red Hook Leda Rectangular Upholstered Ottoman Bench - 27 x 14.5 x 18.5 Inches, Stone Grey"
abo_B07DBCFM4F,bench,furniture,abo,CC-BY-4.0,1.0541,0.4001,0.4699,pending,keep?,,,"Amazon Brand – Ravenna Home Galer Tufted Nailhead Lift Top Storage Bedroom and Entryway Bench, 15.75""W, Denim Blue"
abo_B07DYK2Y61,bench,furniture,abo,CC-BY-4.0,1.2192,0.4496,0.4166,pending,keep?,,,Red Hook Meknes Rectangular Faux Leather Storage Ottoman Bench - Dark Cocoa
abo_B07GZMSRNF,bench,furniture,abo,CC-BY-4.0,1.1049,0.4318,0.4602,pending,keep?,,,"First Hill Damara Wood Storage Ottoman Bench with Open Bottom and Faux-Leather Upholstery, Earthy Red"
abo_B07HSBDCX8,bench,furniture,abo,CC-BY-4.0,1.6984,0.3779,0.4307,pending,keep?,,,"Amazon Brand – Stone & Beam Rylee Modern Farmhouse Acacia Wood Dining Bench, 71""W, Gray-Wash Acacia"
abo_B07K7NQR23,bench,furniture,abo,CC-BY-4.0,1.1999,0.4049,0.4798,pending,keep?,,,Marca Amazon - Alkove - Hayes - Banco de madera maciza con asiento tapizado (roble salvaje)
abo_B07K8193NL,bench,furniture,abo,CC-BY-4.0,1.202,0.4498,0.4298,pending,keep?,,,Marque Amazon - Alkove - Hayes - Banc de chambre avec siège tapissé
abo_B07M6PKC6D,bench,furniture,abo,CC-BY-4.0,1.1846,0.4024,0.5009,pending,keep?,,,"Amazon Brand – Ravenna Home Classic Solid Pine Storage Bench, 46.5""W, Rustic Gray Finish"
abo_B0871DCNRM,bench,furniture,abo,CC-BY-4.0,0.9017,0.4191,0.4318,pending,keep?,,,"AmazonBasics 35.5""L Storage Bench Ottoman, Light Grey"
objaverse_22e8163cf6e1413486faeb4e42222a99,bench,furniture,objaverse,CC-BY-4.0,1.4985,0.621,0.9968,pending,keep?,,,Wooden Bench
objaverse_36dc07c8e85c4b859d78ccd4dd60c63d,bench,furniture,objaverse,CC-BY-4.0,1.2295,0.538,0.6556,removed,removed,the title says park bench: an outdoor piece,,បង់អង្គុយសាធារណះ - Park Bench
objaverse_378cd6e6f505493aa8e22f68db1cabec,bench,furniture,objaverse,CC-BY-4.0,1.3678,0.4836,0.6586,removed,removed,the title says park bench: an outdoor piece,,Simple Park Bench
objaverse_43dfa2813779487b9d1bb36b7c1a321c,bench,furniture,objaverse,CC-BY-4.0,1.1866,0.5575,0.7277,pending,keep?,,,Bench
objaverse_7a0c2a659e2441b6b568a9d2acf8419e,bench,furniture,objaverse,CC-BY-4.0,1.1389,0.5808,0.8839,removed,removed,the title says park bench: an outdoor piece,,Park Bench
objaverse_83bb7dff14e84ecbbc99ebb80fe2977c,bench,furniture,objaverse,CC-BY-SA-4.0,1.3583,0.487,0.6199,removed,removed,licence CC-BY-SA-4.0 not allowed (user decision of 10 Oct 2026) | the title says city: an outdoor piece,,City Bench 001
objaverse_9a4d1c954ed446d9a8d436d5be6dedca,bench,furniture,objaverse,CC-BY-NC-SA-4.0,1.2227,0.5557,0.5664,removed,removed,licence CC-BY-NC-SA-4.0 not allowed (user decision of 10 Oct 2026) | the title says mainstreet: an outdoor piece,,Mainstreet USA Bench
objaverse_da39bc3a29364f8bb4bf45bccf856bdc,bench,furniture,objaverse,CC-BY-4.0,1.1315,0.5846,0.3599,removed,removed,the title says gardens: an outdoor piece,,"Dedicated Bench, Museum Gardens, E2. (Raw Scan)"
objaverse_f889c3adfc5945dcb10c1a594b35957b,bench,furniture,objaverse,CC-BY-NC-4.0,1.637,0.7983,0.9805,removed,removed,licence CC-BY-NC-4.0 not allowed (user decision of 10 Oct 2026) | the title says street: an outdoor piece,,Street Wooden Bench
abo_B01N7N9XCY,bar_stool,furniture,abo,CC-BY-4.0,0.4572,0.5842,1.1684,pending,keep?,,,"Amazon Brand – Stone & Beam Barstool, 40""H, Metal"
abo_B075YP38WS,bar_stool,furniture,abo,CC-BY-4.0,0.4684,0.5624,1.0377,pending,keep?,,,"Amazon Brand – Stone & Beam Sophia Modern Swivel Kitchen Counter Height Stool, 39.4""H, Merlot"
abo_B075YP4WVQ,bar_stool,furniture,abo,CC-BY-4.0,0.4684,0.5624,1.0927,pending,keep?,,,"Amazon Brand – Stone & Beam Sophia Modern Swivel Kitchen Bar Stool, 43.3""H, Merlot"
abo_B075YPTFVD,bar_stool,furniture,abo,CC-BY-4.0,0.548,0.5577,0.9116,pending,keep?,,,"Amazon Brand – Rivet Malida Mid-Century Modern Open Back Swivel Kitchen Counter Height Stool, 37""H, Charcoal"
abo_B075YQ478W,bar_stool,furniture,abo,CC-BY-4.0,0.4856,0.6598,1.084,pending,keep?,,,"Amazon Brand – Stone & Beam Carson Tufted Leather Counter Height Kitchen Stool, 41""H, Brown"
abo_B075YVHQVV,bar_stool,furniture,abo,CC-BY-4.0,0.5001,0.5001,0.65,pending,keep?,,,"Amazon Brand – Stone & Beam Fremont Rustic Kitchen Counter Saddle Farmhouse Bar Stool, 25.5 Inch Height, Natural Wood"
abo_B07B7B1HCM,bar_stool,furniture,abo,CC-BY-4.0,0.447,0.5237,0.9767,pending,keep?,,,"Amazon Brand – Stone & Beam Alaina Contemporary High-Back Swivel Seat Counter Stool, 39""H, Grey"
abo_B07DBCFM4R,bar_stool,furniture,abo,CC-BY-4.0,0.4476,0.5127,1.1305,pending,keep?,,,"Amazon Brand – Ravenna Home Wood and Metal Detailed Swivel Kitchen Bar Stool, 44.5 Inch Height, Dark Espresso"
abo_B07DBCFV7K,bar_stool,furniture,abo,CC-BY-4.0,0.4333,0.514,1.1169,pending,keep?,,,"Amazon Brand – Ravenna Home Wood and Metal Detailed Swivel Kitchen Bar Stool, 44 Inch Height, Dark Espresso"
abo_B07DBF789F,bar_stool,furniture,abo,CC-BY-4.0,0.4706,0.4007,0.7619,pending,keep?,,,"Amazon Brand – Ravenna Home Lisetta Nailhead Saddle Bar Stool, 30""H, Espresso with Cream Faux Leather (2 Pack)"
abo_B07DBHC33K,bar_stool,furniture,abo,CC-BY-4.0,0.4476,0.5127,1.1305,pending,keep?,,,"Amazon Brand – Ravenna Home Wood and Metal Detailed Swivel Kitchen Bar Stool, 44.5 Inch Height, Dark Espresso"
abo_B07DBHGHS7,bar_stool,furniture,abo,CC-BY-4.0,0.4341,0.5342,1.1172,pending,keep?,,,"Amazon Brand – Ravenna Home Wood and Metal Detailed Swivel Kitchen Bar Stool, 44 Inch Height, Dark Espresso"
abo_B07DM6YVJH,bar_stool,furniture,abo,CC-BY-4.0,0.381,0.381,0.8509,pending,keep?,,,"2L Lifestyle Pierson Air Lift Adjustable Bar Stools Set of 2, Small, Black"
abo_B07GNCVKSG,bar_stool,furniture,abo,CC-BY-4.0,0.4064,0.4064,0.6096,pending,keep?,,,"Pioneer Square BT3503-24-WH Counter Stool, 24"", White"
abo_B07QBQF7SK,bar_stool,furniture,abo,CC-BY-4.0,0.4688,0.4804,0.8141,pending,keep?,,,"Amazon Brand – Stone & Beam Mid-Century Barstools, Set of 2, 31.7""H, Gray"
abo_B07TC2NYX8,bar_stool,furniture,abo,CC-BY-4.0,0.41,0.41,0.77,pending,keep?,,,An Amazon Brand - Movian Tarna - Set of 2 Bar Stools - 41 x 41 x 77 cm - Grey Fabric / Oil Treated Solid Oak Frame
abo_B07TVJ3NMN,bar_stool,furniture,abo,CC-BY-4.0,0.4873,0.572,1.0791,pending,keep?,,,"Amazon Brand – Stone & Beam Alaina Contemporary Leather High-Back Swivel Seat Bar Stool, 43""H, Light Brown"
abo_B07TZQZ17B,bar_stool,furniture,abo,CC-BY-4.0,0.4699,0.5588,1.0922,pending,keep?,,,"Amazon Brand – Stone & Beam Alaina Contemporary High-Back Swivel Seat Bar Stool, 43""H, Chalk"
abo_B08555N6YQ,bar_stool,furniture,abo,CC-BY-4.0,0.4399,0.3607,0.6147,pending,keep?,,,"Amazon Brand - Rivet Modern Wood Counter-Height Kitchen Bar Stool, 24"" H, Black"
abo_B0857JPHNF,bar_stool,furniture,abo,CC-BY-4.0,0.569,0.5791,0.9703,pending,keep?,,,"Amazon Brand – Stone & Beam Beech Wishbone Counter-Height Barstool, 38.2""H, Black and Natural"
abo_B00IFHPVEU,office_chair,furniture,abo,CC-BY-4.0,0.5758,0.6414,0.9979,pending,keep?,,,"AmazonBasics Leather-Padded, Adjustable, Swivel Office Desk Chair with Armrest, Black"
abo_B00XBC3BF0,office_chair,furniture,abo,CC-BY-4.0,0.6629,0.7391,1.155,pending,keep?,,,"AmazonBasics High-Back, Leather Executive, Swivel, Adjustable Office Desk Chair with Casters, Black"
abo_B00XBC3J84,office_chair,furniture,abo,CC-BY-4.0,0.6475,0.6464,0.9591,pending,keep?,,,"AmazonBasics Upholstered, Low-Back, Adjustable, Swivel Office Desk Chair, Black"
abo_B016ID2V5O,office_chair,furniture,abo,CC-BY-4.0,0.7,0.78,1.145,pending,keep?,,,AmazonBasics High-Back Executive Chair - Black
abo_B01D7P5BFS,office_chair,furniture,abo,CC-BY-4.0,0.475,0.4501,0.97,pending,keep?,,,"AmazonBasics Low-Back, Upholstered Mesh, Adjustable, Swivel Computer Office Desk Chair, Black"
abo_B01DN7NFRG,office_chair,furniture,abo,CC-BY-4.0,0.6921,0.7493,1.1938,pending,keep?,,,AmazonBasics Big & Tall Executive Chair - Brown
abo_B06W5XBL3D,office_chair,furniture,abo,CC-BY-4.0,0.5499,0.5296,0.9098,pending,keep?,,,"Office Hippo Physio Approved Ergonomic 2 Lever Office Chair with Height Adjustable Arms and Adjustable Lumbar Support, Fabric, Charcoal"
abo_B06WVPB4TM,office_chair,furniture,abo,CC-BY-4.0,0.5519,0.5488,0.9046,pending,keep?,,,"Office Hippo Physio Approved Ergonomic 2 Lever Office Chair with Fixed Loop Arms and Adjustable Lumbar Support, Fabric, Royal Blue"
abo_B072Y5MZQH,office_chair,furniture,abo,CC-BY-4.0,0.5913,0.6678,0.9096,pending,keep?,,,"AmazonBasics Classic Leather Office Desk Guest Chair with Metal Frame, Black"
abo_B072Y6Y96S,office_chair,furniture,abo,CC-BY-4.0,0.6831,0.7722,0.9509,pending,keep?,,,AmazonBasics Classic Reception Office Chair with Mahogany Wood Finish Legs - Black
abo_B072Z6K34L,office_chair,furniture,abo,CC-BY-4.0,0.7186,0.6605,1.0949,pending,keep?,,,"AmazonBasics Mesh Fabric Executive Mid-Back Office Desk Chair, Black"
abo_B072Z6K94S,office_chair,furniture,abo,CC-BY-4.0,0.7181,0.6605,1.1784,pending,keep?,,,"AmazonBasics Mesh Fabric Executive High-Back Chair, Black"
abo_B07GPSQKV9,office_chair,furniture,abo,CC-BY-4.0,0.6866,0.7381,1.1196,pending,keep?,,,"AmazonBasics High-Back, Leather Executive, Swivel, Adjustable Office Desk Chair with Casters, White"
abo_B07KWZH5PV,office_chair,furniture,abo,CC-BY-4.0,0.679,0.667,1.149,pending,keep?,,,"AmazonBasics High-Back Executive Swivel Office Desk Chair with Ribbed Puresoft Upholstery - Grey, Lumbar Support, Modern Style"
abo_B07KXF19FN,office_chair,furniture,abo,CC-BY-4.0,0.7661,0.7386,1.1494,pending,keep?,,,"AmazonBasics High-Back Executive Swivel Office Desk Chair with Ribbed Puresoft Upholstery - Black, Lumbar Support, Modern Style"
abo_B07L3MKRFC,office_chair,furniture,abo,CC-BY-4.0,0.6668,0.7239,1.1049,pending,keep?,,,"AmazonBasics Classic Office Desk Computer Chair - Adjustable, Swiveling, Ultra-Soft Microfiber - Light Gray, Lumbar Support"
abo_B07L3WRJ6R,office_chair,furniture,abo,CC-BY-4.0,0.6668,0.7239,1.1049,pending,keep?,,,"AmazonBasics Classic Office Desk Computer Chair - Adjustable, Swiveling, Ultra-Soft Microfiber - Light Beige, Lumbar Support"
abo_B081HMS8YK,office_chair,furniture,abo,CC-BY-4.0,0.6944,0.7482,1.1879,pending,keep?,,,"AmazonBasics Bonded Leather Big & Tall Executive Office Computer Desk Chair, 350-Pound Capacity - Black"
abo_B082KYYMZ6,office_chair,furniture,abo,CC-BY-4.0,0.6563,0.6916,1.1276,pending,keep?,,,AmazonBasics High-Back Bonded Leather Executive Office Computer Desk Chair - Brown
abo_B084T7GSXM,office_chair,furniture,abo,CC-BY-4.0,0.5999,0.5785,0.8778,pending,keep?,,,"Amazon Brand - Movian Dubna, Desk Chair, 58 x 58 x 103 cm (L x W x H), Brown"
abo_B00BBDF500,console_table,furniture,abo,CC-BY-4.0,0.8999,0.3399,0.728,pending,keep?,,,"Amazon Brand - Movian Corona Console Table, 2 Drawer With Shelf, Solid Pine Wood, 70 x 83 x 31 cm"
abo_B01DA8QZFM,console_table,furniture,abo,CC-BY-4.0,1.2398,0.3498,0.73,pending,keep?,,,"Amazon Brand - Movian Corona Console Table, 2 Drawer With Shelf, Solid Pine Wood, 70 x 83 x 31 cm"
abo_B075YQ46KX,console_table,furniture,abo,CC-BY-4.0,1.2039,0.4078,0.7403,pending,keep?,,,"Amazon Brand – Rivet Industrial Modern Console Table, 47.25""W, Walnut Wood, Metal"
abo_B075Z7HQK5,console_table,furniture,abo,CC-BY-4.0,1.0658,0.4177,0.7854,pending,keep?,,,"Amazon Brand – Rivet Modern Cross Legged Home Office Computer Desk Console, 42""W, White Gloss and Walnut"
abo_B075Z876TX,console_table,furniture,abo,CC-BY-4.0,1.4,0.4501,0.9305,pending,keep?,,,"Amazon Brand – Stone & Beam Coastal Breeze Rustic Farmhouse Console Table, 55.1""W, Natural and White"
abo_B075Z99L7R,console_table,furniture,abo,CC-BY-4.0,1.4,0.4401,0.82,pending,keep?,,,"Amazon Brand – Stone & Beam Sparrow Industrial Entry Console Table, 55.1""W, Wood and Gold"
abo_B075ZBL75Z,console_table,furniture,abo,CC-BY-4.0,1.5985,0.4421,0.762,pending,keep?,,,"Amazon Brand – Stone & Beam Ferndale Rustic Console Table, 63""W, Sandstone"
abo_B075ZCLPS1,console_table,furniture,abo,CC-BY-4.0,1.2157,0.4021,0.7534,pending,keep?,,,"Amazon Brand – Stone & Beam Roland Metal X-Frame Console Hallway Table, 24"" W, Pine"
abo_B07DB9638P,console_table,furniture,abo,CC-BY-4.0,1.2189,0.4047,0.7794,pending,keep?,,,"Amazon Brand – Ravenna Home Anne Marie Half-Moon Curved Leg Storage Console Entryway Table, 48""W, Dark Espresso"
abo_B07DMJN8H3,console_table,furniture,abo,CC-BY-4.0,0.9093,0.2743,0.8306,pending,keep?,,,"2L Lifestyle Shelburne Accent Console Table, Small, Brown"
abo_B07GZY278M,console_table,furniture,abo,CC-BY-4.0,0.762,0.254,0.7112,pending,keep?,,,"Phoenix Home Pavlo Mission-Style Wooden Console Table with Drawer and Shelf, Amber Oak"
abo_B07HSBHY2P,console_table,furniture,abo,CC-BY-4.0,1.3304,0.5218,0.8734,pending,keep?,,,"Amazon Brand – Stone & Beam Casual Narrow Console Table 47.83""W, Natural"
abo_B07QGG24Z5,console_table,furniture,abo,CC-BY-4.0,1.4,0.3994,0.7991,pending,keep?,,,"Amazon Brand – Rivet Industrial Plank-Topped Console Table with Metal Hairpin Legs, 55.12""W"
abo_B07W563NHG,console_table,furniture,abo,CC-BY-4.0,1.1,0.35,0.75,pending,keep?,,,Amazon Brand Rivet Console with Metal Shelf 110 x 35 cm Elme/Black Metal Frame
abo_B084L8195R,console_table,furniture,abo,CC-BY-4.0,1.3202,0.3807,0.7623,pending,keep?,,,"Amazon Brand – Stone & Beam Solid Pine Rustic Farmhouse Console Table, 52""W, Rustic Oak"
gen_console_table_classic_1_3039559c,console_table,furniture,generated,"generated (TRELLIS.2-4B, MIT)",1.0019,0.4596,0.9319,pending,vision?,,,Generated classic console table (1)
gen_console_table_classic_2_781fd7f9,console_table,furniture,generated,"generated (TRELLIS.2-4B, MIT)",1.0019,0.463,0.9652,pending,vision?,,,Generated classic console table (2)
gen_console_table_industrial_2_b39850f8,console_table,furniture,generated,"generated (TRELLIS.2-4B, MIT)",0.9628,0.4563,1.0019,pending,vision?,,,Generated industrial console table (2)
gen_console_table_mediterranean_2_d2049e0b,console_table,furniture,generated,"generated (TRELLIS.2-4B, MIT)",0.999,0.4875,0.8661,pending,vision?,,,Generated mediterranean console table (2)
gen_console_table_scandinavian_2_a05f3e24,console_table,furniture,generated,"generated (TRELLIS.2-4B, MIT)",1.002,0.4345,0.8224,pending,vision?,,,Generated scandinavian console table (2)
gen_crib_classic_4_d4e08139,crib,furniture,generated,"generated (TRELLIS.2-4B, MIT)",0.6424,1.0002,0.8366,pending,fix?,,"{""front_quarter_turns"": 1}",Generated classic crib (4)
gen_crib_japandi_4_f1163671,crib,furniture,generated,"generated (TRELLIS.2-4B, MIT)",1.002,0.5719,0.7415,pending,vision?,,,Generated japandi crib (4)
gen_crib_mediterranean_4_d3d32233,crib,furniture,generated,"generated (TRELLIS.2-4B, MIT)",1.0007,0.4992,0.742,pending,fix?,,"{""rescale"": 1.1669}",Generated mediterranean crib (4)
gen_crib_modern_4_75ca50fe,crib,furniture,generated,"generated (TRELLIS.2-4B, MIT)",1.002,0.5915,0.7581,pending,vision?,,,Generated modern crib (4)
gen_crib_modern_minimal_1_ddd7d0c3,crib,furniture,generated,"generated (TRELLIS.2-4B, MIT)",1.0019,0.574,0.772,pending,vision?,,,Generated modern minimal crib (1)
gen_crib_modern_minimal_4_13c42be0,crib,furniture,generated,"generated (TRELLIS.2-4B, MIT)",1.0016,0.5437,0.7337,pending,vision?,,,Generated modern minimal crib (4)
objaverse_29451febdc894682a36a5112fd13f054,crib,furniture,objaverse,CC-BY-4.0,1.3987,0.6803,0.8436,pending,keep?,,,Cotbed
objaverse_dbb8dec952c0450ba58fb4f75abf86ec,crib,furniture,objaverse,CC-BY-4.0,1.0566,0.6043,1.3,removed,removed,"proportions 1.06 x 0.60 x 1.30 m fit no real crib (width (1.15, 1.5), depth (0.6, 0.85), height (0.7, 1.3))",,Cot Final
gen_bunk_bed_industrial_4_a364b7d0,bunk_bed,furniture,generated,"generated (TRELLIS.2-4B, MIT)",1.9459,1.1061,1.6553,pending,fix?,,"{""front_quarter_turns"": 1}",Generated industrial bunk bed (4)
gen_bunk_bed_mediterranean_1_d9f8e70f,bunk_bed,furniture,generated,"generated (TRELLIS.2-4B, MIT)",1.9763,1.0892,1.5721,pending,fix?,,"{""front_quarter_turns"": 1}",Generated mediterranean bunk bed (1)
gen_bunk_bed_mediterranean_4_b3b0eca5,bunk_bed,furniture,generated,"generated (TRELLIS.2-4B, MIT)",1.9596,1.0985,1.6201,pending,fix?,,"{""front_quarter_turns"": 1}",Generated mediterranean bunk bed (4)
gen_bunk_bed_minimal_3_209e481a,bunk_bed,furniture,generated,"generated (TRELLIS.2-4B, MIT)",1.8407,1.1694,1.3979,pending,fix?,,"{""front_quarter_turns"": 1}",Generated minimal bunk bed (3)
gen_bunk_bed_modern_minimal_3_d55e3538,bunk_bed,furniture,generated,"generated (TRELLIS.2-4B, MIT)",1.9265,1.1173,1.411,pending,fix?,,"{""front_quarter_turns"": 1}",Generated modern minimal bunk bed (3)
gen_bunk_bed_rustic_4_c03d21d4,bunk_bed,furniture,generated,"generated (TRELLIS.2-4B, MIT)",1.8251,1.1794,1.4489,pending,fix?,,"{""front_quarter_turns"": 1}",Generated rustic bunk bed (4)
objaverse_1ab0499f7a7746188eefe85c1f16594b,bunk_bed,furniture,objaverse,CC-BY-4.0,2.159,1.1472,1.5778,pending,fix?,,"{""front_quarter_turns"": 1}",A108082006
objaverse_7ea465a1489c4b12bb5a8ff33325cccb,bunk_bed,furniture,objaverse,CC-BY-4.0,2.16,1.07,1.6,pending,fix?,,"{""front_quarter_turns"": 1}",雙層床架
objaverse_c505ffffc1524865ba63af837346f1f7,bunk_bed,furniture,objaverse,CC-BY-4.0,2.1119,1.2028,1.7858,pending,fix?,,"{""front_quarter_turns"": 1}",Double Bed
objaverse_ea40259ea9ab488e8fe21eaf2fc29d6e,bunk_bed,furniture,objaverse,CC-BY-4.0,2.1323,0.9891,1.6912,pending,fix?,,"{""front_quarter_turns"": 1}",A108082045_ 賴積翰
abo_B007IHF36E,sideboard,furniture,abo,CC-BY-4.0,1.3208,0.4318,0.8103,pending,keep?,,,"Amazon Brand - Movian Corona Sideboard, 3 Door 3 Drawer, Solid Pine Wood ,Waxed, 76 x 125 x 40 cm"
abo_B01557LJIO,sideboard,furniture,abo,CC-BY-4.0,1.4498,0.38,0.8999,pending,keep?,,,"Amazon Brand - Movian Minho 2-Door 4-Drawer Sideboard Storage Cabinet, 145 x 90 x 38cm, White/Light Brown Oak-Effect"
abo_B01HEZJ3EC,sideboard,furniture,abo,CC-BY-4.0,0.92,0.4501,0.84,pending,keep?,,,"Amazon Brand - Movian Corona Sideboard, 2 Door 2 Drawer, Solid Pine Wood Natural"
abo_B075YQ8Q3T,sideboard,furniture,abo,CC-BY-4.0,1.4742,0.4803,0.8129,pending,keep?,,,"Amazon Brand – Stone & Beam Parson Rustic Buffet Sideboard Storage Cabinet 56""W, Oak Wood"
abo_B075Z8628K,sideboard,furniture,abo,CC-BY-4.0,1.3995,0.4722,0.8001,pending,keep?,,,"Amazon Brand – Rivet Mid-Century Modern Checkerboard Reclaimed Elm Buffet Sideboard Credenza Cabinet, 55.1""W, Natural"
abo_B07B77VXN8,sideboard,furniture,abo,CC-BY-4.0,1.0228,0.5288,0.8974,pending,keep?,,,"Amazon Brand – Rivet Modern Wood Buffet Bar Cabinet Credenza with Gold Accents, 35 Inch Height, Brown"
abo_B07B78G1BW,sideboard,furniture,abo,CC-BY-4.0,1.3633,0.4768,0.8022,pending,keep?,,,"Amazon Brand – Rivet Ian Mid-Century Modern Wood Buffet Bar Cabinet Credenza, Brown"
abo_B07B78RCT5,sideboard,furniture,abo,CC-BY-4.0,1.4597,0.5107,0.8246,pending,keep?,,,"Amazon Brand – Stone & Beam Creston Modern Wood Dining Buffet, Cabinet Credenza, Storage, 56""W, Grey"
abo_B07B79WSKT,sideboard,furniture,abo,CC-BY-4.0,1.575,0.505,0.9397,pending,keep?,,,"Amazon Brand – Rivet Federal Mid-Century Modern Wood Dining Buffet Sideboard, Cabinet Credenza, Storage, Brown"
abo_B07B7B94L2,sideboard,furniture,abo,CC-BY-4.0,1.3726,0.4804,0.8116,pending,keep?,,,"Amazon Brand – Stone & Beam Hughes Modern Casual Wood Buffet Bar, Cabinet Credenza, Brown"
abo_B07B813LW1,sideboard,furniture,abo,CC-BY-4.0,0.9043,0.4649,0.6943,pending,keep?,,,"Amazon Brand – Rivet Mid-Century Modern Industrial Metal Buffet Credenza, 28 Inch Height, Beige, Wood"
abo_B07H8SSY4F,sideboard,furniture,abo,CC-BY-4.0,1.6492,0.4999,0.7798,pending,keep?,,,"Amazon Brand - Movian Moselle 3-Drawer 2-Door Sideboard Storage Cabinet, 165 x 78 x 50cm, Light Brown Oak-Effect/White"
abo_B07HSBD8DM,sideboard,furniture,abo,CC-BY-4.0,1.7078,0.5223,0.8201,pending,keep?,,,"Amazon Brand – Stone & Beam Traditional Buffet Storage Cabinet - 68 Inch, Brown"
abo_B07HSF15FW,sideboard,furniture,abo,CC-BY-4.0,0.9499,0.4509,0.86,pending,keep?,,,"Amazon Brand – Rivet Solid Wood Buffet with Wine Rack and Iron Base, 33.86""H, Brushed Natural, Black, Gold"
abo_B07HSJY7CY,sideboard,furniture,abo,CC-BY-4.0,0.9679,0.3379,0.9186,pending,keep?,,,"Amazon Brand – Stone & Beam Rustic Buffet 36""H, Carbon-Finished Wood with Distressed Gold Handles"
abo_B07JFGPVZD,sideboard,furniture,abo,CC-BY-4.0,1.7998,0.4199,0.8999,pending,keep?,,,"Amazon Brand - Alkove Malvern Solid Wood 3-Door Sideboard Cabinet, 180 x 90 x 42cm, Antic Oak"
abo_B07QGG1YGZ,sideboard,furniture,abo,CC-BY-4.0,1.0592,0.3607,0.7627,pending,keep?,,,"Amazon Brand – Rivet Davenport Industrial Buffet Table, 42.3""W, Elm and Metal"
abo_B07RMJSGS7,sideboard,furniture,abo,CC-BY-4.0,1.01,0.4,1.17,pending,keep?,,,"AmazonBasics 2-Door Sideboard Storage Cabinet with 8 Shelves, 101 x 40 x 113 cm, Dark Brown/Geometric Pattern, Black Legs"
abo_B07RP1SS3S,sideboard,furniture,abo,CC-BY-4.0,1.6,0.45,0.87,pending,keep?,,,"AmazonBasics - Sideboard, 160 x 45 x 82 cm, Brown"
abo_B07TR659G8,sideboard,furniture,abo,CC-BY-4.0,1.8,0.395,0.762,pending,keep?,,,"Amazon Brand - Movian Ems - Sideboard with 2 Doors and 3 Drawers, 180 x 39.5 x 76.2 cm, Oak Effect"
abo_B07GFDZVYY,shoe_cabinet,furniture,abo,CC-BY-4.0,0.5,0.23,1.79,pending,keep?,,,"Amazon Brand - Movian Indre 1-Door Shoe Cabinet/Cupboard/Organizer with Mirror, 23 x 50 x 179cm, Light Brown Oak-Effect"
abo_B07GFDZWMS,shoe_cabinet,furniture,abo,CC-BY-4.0,0.75,0.25,1.28,pending,keep?,,,"Amazon Brand - Movian Inari 3-door Shoe Cabinet/Cupboard/Organizer, 25 x 75 x 128 cm, Dark Grey"
abo_B07GFF11HV,shoe_cabinet,furniture,abo,CC-BY-4.0,0.5,0.23,1.79,pending,keep?,,,"Amazon Brand - Movian Indre 1-Door Shoe Cabinet/Cupboard/Organizer with Mirror, 23 x 50 x 179cm, Dark Grey"
abo_B07GFLG5MM,shoe_cabinet,furniture,abo,CC-BY-4.0,0.5199,0.2555,1.6299,pending,keep?,,,"Amazon Brand - Movian Idro 4-Door Shoe Cabinet/Cupboard/Organizer, 25 x 52 x 163cm, Dark Grey"
abo_B07GFS1R7X,shoe_cabinet,furniture,abo,CC-BY-4.0,0.75,0.25,1.28,pending,keep?,,,"Amazon Brand - Movian Inari 3-door Shoe Cabinet/Cupboard/Organizer, 25 x 75 x 128 cm, Light Brown Oak-Effect"
abo_B07GFS1WH7,shoe_cabinet,furniture,abo,CC-BY-4.0,0.75,0.25,1.28,pending,keep?,,,"Movian Adour 3-Door Shoe Cabinet/Cupboard/Organizer, 25 x 75 x 128cm, White & Vintage-Wood-Look"
abo_B07K7YMBNY,shoe_cabinet,furniture,abo,CC-BY-4.0,0.7999,0.3998,0.3998,pending,keep?,,,Amazon Brand - Alkove - Hayes - Riva Solid Wood Shoe Cabinet with 2 Shelves Wild Oak
abo_B07P64ZJQG,shoe_cabinet,furniture,abo,CC-BY-4.0,0.9051,0.4015,0.501,pending,keep?,,,AmazonBasics Classic Shoe Bench with Lift-Top Compartment and 3 Storage Cubbies - Black Oak
abo_B07P652THV,shoe_cabinet,furniture,abo,CC-BY-4.0,0.8992,0.4013,0.5004,pending,keep?,,,AmazonBasics Classic Shoe Bench with Lift-Top Compartment and 3 Storage Cubbies - White Oak
abo_B07TVMZ5QP,shoe_cabinet,furniture,abo,CC-BY-4.0,1.1682,0.2285,0.3491,pending,keep?,,,"AmazonBasics Easy Assemble Shoe Rack - 2-Tier, Rose Gold"
abo_B07TVN114C,shoe_cabinet,furniture,abo,CC-BY-4.0,1.1682,0.2285,0.672,pending,keep?,,,"AmazonBasics Easy Assemble Shoe Rack - 4-Tier, Rose Gold"
abo_B07TWQTVXL,shoe_cabinet,furniture,abo,CC-BY-4.0,1.1682,0.2285,0.672,pending,keep?,,,"AmazonBasics Easy Assemble Shoe Rack - 4-Tier, Silver"
gen_shoe_cabinet_classic_3_d5d17132,shoe_cabinet,furniture,generated,"generated (TRELLIS.2-4B, MIT)",0.5765,0.3412,1.0019,pending,vision?,,,Generated classic shoe cabinet (3)
gen_shoe_cabinet_industrial_1_23a27737,shoe_cabinet,furniture,generated,"generated (TRELLIS.2-4B, MIT)",0.7492,0.4479,1.002,pending,vision?,,,Generated industrial shoe cabinet (1)
gen_shoe_cabinet_industrial_3_596e817a,shoe_cabinet,furniture,generated,"generated (TRELLIS.2-4B, MIT)",1.0019,0.5048,0.7895,pending,fix?,,"{""rescale"": 0.8162}",Generated industrial shoe cabinet (3)
gen_shoe_cabinet_japandi_2_d4caf94a,shoe_cabinet,furniture,generated,"generated (TRELLIS.2-4B, MIT)",1.0019,0.4576,0.9612,pending,vision?,,,Generated japandi shoe cabinet (2)
gen_shoe_cabinet_mediterranean_1_5b538be0,shoe_cabinet,furniture,generated,"generated (TRELLIS.2-4B, MIT)",0.935,0.5324,1.0011,pending,fix?,,"{""rescale"": 0.7739}",Generated mediterranean shoe cabinet (1)
gen_shoe_cabinet_mediterranean_3_4228c675,shoe_cabinet,furniture,generated,"generated (TRELLIS.2-4B, MIT)",1.0013,0.5007,1.0005,pending,fix?,,"{""rescale"": 0.8228}",Generated mediterranean shoe cabinet (3)
gen_shoe_cabinet_rustic_2_9c24d5e4,shoe_cabinet,furniture,generated,"generated (TRELLIS.2-4B, MIT)",1.0018,0.4548,0.7751,pending,vision?,,,Generated rustic shoe cabinet (2)
gen_shoe_cabinet_scandinavian_2_66dac02b,shoe_cabinet,furniture,generated,"generated (TRELLIS.2-4B, MIT)",0.9996,0.4434,1.0016,pending,vision?,,,Generated scandinavian shoe cabinet (2)
abo_B07JG3ZVVZ,display_cabinet,furniture,abo,CC-BY-4.0,0.66,0.42,1.98,pending,keep?,,,"Amazon Brand - Alkove Malvern Solid Wood Front Display Cabinet, 66 x 198 x 42cm, Dark Brown/Black, Oak/Veneer"
gen_display_cabinet_classic_4_4ee0e3d6,display_cabinet,furniture,generated,"generated (TRELLIS.2-4B, MIT)",0.9311,0.4907,1.7827,pending,vision?,,,Generated classic display cabinet (4)
gen_display_cabinet_industrial_4_be8f656e,display_cabinet,furniture,generated,"generated (TRELLIS.2-4B, MIT)",0.9854,0.4636,1.5973,pending,vision?,,,Generated industrial display cabinet (4)
gen_display_cabinet_japandi_1_211fbef4,display_cabinet,furniture,generated,"generated (TRELLIS.2-4B, MIT)",0.9758,0.4682,1.7322,pending,vision?,,,Generated japandi display cabinet (1)
gen_display_cabinet_mediterranean_4_af84c15b,display_cabinet,furniture,generated,"generated (TRELLIS.2-4B, MIT)",0.9421,0.485,1.8147,pending,vision?,,,Generated mediterranean display cabinet (4)
gen_display_cabinet_rustic_4_dddd4a3b,display_cabinet,furniture,generated,"generated (TRELLIS.2-4B, MIT)",0.9654,0.4732,1.3509,pending,vision?,,,Generated rustic display cabinet (4)
gen_display_cabinet_scandinavian_1_e7525a8d,display_cabinet,furniture,generated,"generated (TRELLIS.2-4B, MIT)",0.9758,0.4682,1.5791,pending,vision?,,,Generated scandinavian display cabinet (1)
gen_display_cabinet_scandinavian_5_4b2b7b6d,display_cabinet,furniture,generated,"generated (TRELLIS.2-4B, MIT)",1.0365,0.4408,1.6498,pending,vision?,,,Generated scandinavian display cabinet (5)
abo_B07GFFY4WT,tall_cabinet,furniture,abo,CC-BY-4.0,0.5199,0.2499,1.6299,pending,keep?,,,Movian Idro Skoskåp Ek
abo_B07GFW9GFX,tall_cabinet,furniture,abo,CC-BY-4.0,1.2898,0.5098,1.9098,pending,vision?,,,Movian Indre Bedroom Furniture
abo_B07H8PQC9V,tall_cabinet,furniture,abo,CC-BY-4.0,1.0009,0.59,2.1211,pending,vision?,,,Movian Morava
abo_B07H8PQFR2,tall_cabinet,furniture,abo,CC-BY-4.0,0.57,0.4,1.85,pending,keep?,,,Marca Amazon - Movian Moselle - Vitrina de 1 puerta (roble Sonoma/gris oscuro)
abo_B07H8VCDWP,tall_cabinet,furniture,abo,CC-BY-4.0,0.51,0.4498,1.9601,removed,removed,"the title names aparador, vitrina, not a tall_cabinet",,Marca Amazon - Movian Moselle - Aparador con vitrina (roble Sonoma/blanco alpino)
abo_B07JGPKSCB,tall_cabinet,furniture,abo,CC-BY-4.0,1.3998,0.5799,2.0698,pending,fix?,,,"Marque Amazon - Movian - Armoire 3 portes avec miroir Mira, 140 x 207 x 58 cm, Chêne Sanremo"
abo_B07JH147WS,tall_cabinet,furniture,abo,CC-BY-4.0,0.9799,0.5799,1.9299,pending,fix?,,,"Marchio Amazon - Movian, armadio a 2 ante modello Mira, 98 x 193 x 58 cm, quercia Sanremo"
abo_B07LC9HXSF,tall_cabinet,furniture,abo,CC-BY-4.0,0.45,0.4205,1.8299,removed,removed,"the title names dressing table, not a tall_cabinet",,Amazon Brand - Solimo Polaris Engineered Wood Dressing Table (Imperial Teak)
abo_B07RMJPJMX,tall_cabinet,furniture,abo,CC-BY-4.0,0.3,0.27,1.4,pending,keep?,,,"Marchio Amazon - Movian Argenton - Colonna da bagno, 30 x 27 x 140 cm, colore marrone"
gen_tall_cabinet_classic_3_879ecbf5,tall_cabinet,furniture,generated,"generated (TRELLIS.2-4B, MIT)",0.6821,0.5278,1.5381,pending,vision?,,,Generated classic tall cabinet (3)
gen_tall_cabinet_industrial_1_9054f861,tall_cabinet,furniture,generated,"generated (TRELLIS.2-4B, MIT)",0.6929,0.5195,1.3027,pending,vision?,,,Generated industrial tall cabinet (1)
gen_tall_cabinet_industrial_3_8656669b,tall_cabinet,furniture,generated,"generated (TRELLIS.2-4B, MIT)",0.6663,0.5403,1.368,pending,vision?,,,Generated industrial tall cabinet (3)
gen_tall_cabinet_japandi_1_a52b169e,tall_cabinet,furniture,generated,"generated (TRELLIS.2-4B, MIT)",0.7095,0.5074,1.2937,pending,vision?,,,Generated japandi tall cabinet (1)
gen_tall_cabinet_japandi_3_e4559684,tall_cabinet,furniture,generated,"generated (TRELLIS.2-4B, MIT)",0.7686,0.4684,1.4691,pending,vision?,,,Generated japandi tall cabinet (3)
gen_tall_cabinet_mediterranean_3_38df09c4,tall_cabinet,furniture,generated,"generated (TRELLIS.2-4B, MIT)",0.7465,0.4822,1.4157,pending,vision?,,,Generated mediterranean tall cabinet (3)
gen_tall_cabinet_rustic_3_60387ddf,tall_cabinet,furniture,generated,"generated (TRELLIS.2-4B, MIT)",0.7501,0.48,1.7286,pending,vision?,,,Generated rustic tall cabinet (3)
gen_tall_cabinet_scandinavian_3_0feb441e,tall_cabinet,furniture,generated,"generated (TRELLIS.2-4B, MIT)",0.7329,0.4912,1.3907,pending,vision?,,,Generated scandinavian tall cabinet (3)
abo_B074VLRP5T,cushion,decor,abo,CC-BY-4.0,0.4316,0.2461,0.4138,pending,keep?,,,"Amazon Brand – Rivet Velvet Texture Decorative Throw Pillow, 17"" x 17"", Midnight"
abo_B074VLRP9S,cushion,decor,abo,CC-BY-4.0,0.4517,0.2043,0.4387,pending,keep?,,,"Amazon Brand – Stone & Beam Striated Velvet Linen-Look Decorative Throw Pillow, 17"" x 17"", Midnight"
abo_B079TXJNJD,cushion,decor,abo,CC-BY-4.0,0.5168,0.1579,0.5077,pending,keep?,,,"Amazon Brand – Rivet Modern Geometric Decorative Print Throw Pillow, 20"" x 20"", Teal"
abo_B079TXJV32,cushion,decor,abo,CC-BY-4.0,0.5034,0.182,0.5065,pending,keep?,,,"Amazon Brand – Stone & Beam Mojave-Inspired Decorative Throw Pillow Cover, 20"" x 20"", Black and Red"
abo_B079V39VG5,cushion,decor,abo,CC-BY-4.0,0.4352,0.1483,0.4284,pending,keep?,,,"Amazon Brand – Stone & Beam Transitional Woven Diamond Decorative Throw Pillow, 20"" x 20"", Indigo"
abo_B079V3WDY9,cushion,decor,abo,CC-BY-4.0,0.5108,0.1622,0.5029,pending,keep?,,,"Amazon Brand – Stone & Beam Transitional Woven Diamond Decorative Throw Pillow Cover, 20"" x 20"", Indigo"
abo_B079V3YG6X,cushion,decor,abo,CC-BY-4.0,0.5168,0.1579,0.5077,pending,keep?,,,"Amazon Brand – Rivet Modern Geometric Decorative Print Pillow Cover, 20"" x 20"", Black"
abo_B079V6V6TF,cushion,decor,abo,CC-BY-4.0,0.5168,0.1579,0.5077,removed,removed,"a copy of abo_B079TXJNJD (box +-1 cm, faces +-1%, same texture)",,"Amazon Brand – Rivet Modern Geometric Decorative Print Pillow Cover, 20"" x 20"", Teal"
abo_B079V9CJB5,cushion,decor,abo,CC-BY-4.0,0.425,0.1334,0.4347,pending,keep?,,,"Amazon Brand – Stone & Beam Yard-Dyed Shibori Decorative Throw Pillow Cover, 17"" x 17"", Blue"
abo_B07BMQ64HR,cushion,decor,abo,CC-BY-4.0,0.5251,0.1797,0.4984,pending,keep?,,,"Amazon Brand – Rivet Abstract Geometric Throw Pillow Cover, 20"" x 20"", Ivory"
abo_B07BMT4F21,cushion,decor,abo,CC-BY-4.0,0.5027,0.2084,0.4963,pending,keep?,,,"Amazon Brand – Rivet Modern Abstract Geometric Decorative Throw Pillow, 20"" x 20"", Cover Only, Purple"
abo_B07BMTN6GF,cushion,decor,abo,CC-BY-4.0,0.5024,0.2098,0.5026,pending,keep?,,,"Amazon Brand – Rivet Abstract Geometric Throw Pillow, 20"" x 20"", Ivory"
abo_B07BMTNH22,cushion,decor,abo,CC-BY-4.0,0.5027,0.2084,0.4963,removed,removed,"a copy of abo_B07BMT4F21 (box +-1 cm, faces +-1%, same texture)",,"Amazon Brand – Rivet Modern Abstract Geometric Decorative Throw Pillow, 20"" x 20"", Purple"
abo_B07BMTXHSR,cushion,decor,abo,CC-BY-4.0,0.5027,0.2084,0.4963,pending,keep?,,,"Amazon Brand – Rivet Modern Retro Flair Mosaic Geometric Decorative Throw Pillow, 20"" x 20"", Cover Only, Blue"
abo_B07C8MSZ5T,cushion,decor,abo,CC-BY-4.0,0.5143,0.1631,0.5127,pending,keep?,,,"Amazon Brand – Rivet Modern Abstract Circle Throw Pillow Cover - 20 x 20 Inch, Grey"
abo_B07C8MT64T,cushion,decor,abo,CC-BY-4.0,0.5027,0.2084,0.4963,removed,removed,"a copy of abo_B07BMTXHSR (box +-1 cm, faces +-1%, same texture)",,"Amazon Brand – Rivet Modern Mosaic Throw Pillow - 20 x 20 Inch, Blue"
abo_B07C8WCWWK,cushion,decor,abo,CC-BY-4.0,0.5517,0.1927,0.5089,pending,keep?,,,"Amazon Brand – Rivet Abstract Pattern Throw Pillow Cover - 20 x 20 Inch, Grey"
abo_B07JKJSJB1,cushion,decor,abo,CC-BY-4.0,0.7087,0.2014,0.3217,pending,keep?,,,"Amazon Brand – Stone & Beam Casual Pom-Pom Throw Pillow - 24 x 12 Inch, Mineral"
abo_B07JKJSTVJ,cushion,decor,abo,CC-BY-4.0,0.4659,0.0838,0.3046,pending,keep?,,,"Amazon Brand – Rivet Modern Macrame Fringe Lumbar Throw Pillow - 18 x 12 Inch, White"
abo_B07M6PJ4LX,cushion,decor,abo,CC-BY-4.0,0.5262,0.166,0.5066,pending,keep?,,,"Ravenna Home Casual Floral Throw Pillow, 20"" x 20"", Cream and Blue"
abo_B0714MJKX2,rug,decor,abo,CC-BY-4.0,2.5282,2.0093,0.0477,pending,keep?,,,"Amazon Brand – Rivet Shaggy Short Rug, 7'7"" x 9'7"", Ivory"
abo_B0714MJLTB,rug,decor,abo,CC-BY-4.0,2.4404,1.5284,0.0104,pending,keep?,,,"Amazon Brand – Stone & Beam Mid-Century Modern Dusk Wool Rug, 5' x 8', Tan"
abo_B0714MMHBL,rug,decor,abo,CC-BY-4.0,1.6679,1.0612,0.0118,pending,keep?,,,"Rivet Woven Bordered Sisal Area Rug, 3' 6'' x 5' 6'', Natural"
abo_B0719STF79,rug,decor,abo,CC-BY-4.0,3.2206,2.3424,0.0262,pending,keep?,,,"Amazon Brand – Rivet Diamond Trellis Tassel Wool Rug, 7'6"" x 9'6"", Ivory"
abo_B0719STLSH,rug,decor,abo,CC-BY-4.0,2.4384,1.524,0.011,pending,keep?,,,Stone & Beam MFL nuLoom Rug B0719STLSH 5'X8' Cream
abo_B071FJZVPH,rug,decor,abo,CC-BY-4.0,2.584,2.0727,0.0105,pending,keep?,,,"Amazon Brand – Rivet Modern Wave Cosmopolitan Area Rug, 8 x 10 Foot, Beige"
abo_B071W2XLSC,rug,decor,abo,CC-BY-4.0,2.9286,2.3004,0.0116,pending,keep?,,,"nuLOOM Leaflet Fountain Boho Wool Area Rug, 7' 6"" x 9' 6"", Pink"
abo_B0735RHGTB,rug,decor,abo,CC-BY-4.0,2.6824,0.7634,0.0149,pending,keep?,,,"Amazon Brand – Stone & Beam Swirling Paisley Farmhouse Motif Wool Runner Rug, 2' 6"" x 8', Multi"
abo_B07B4SDLJM,rug,decor,abo,CC-BY-4.0,3.2016,2.4341,0.045,pending,keep?,,,"Amazon Brand – Rivet Contemporary Striated Jute Area Rug, 10' 6"" x 8', Oatmeal"
abo_B07B4SDNQT,rug,decor,abo,CC-BY-4.0,2.1121,1.5936,0.0087,pending,keep?,,,"Amazon Brand – Rivet Contemporary Striated Jute Rug, 7' 5"" x 5' 3"", Brick"
abo_B07B4SDVG3,rug,decor,abo,CC-BY-4.0,2.2383,1.5934,0.008,pending,keep?,,,"Amazon Brand – Rivet Contemporary Diamond Patterned Area Rug, 7'4"" x 5'3"", Grey Ivory"
abo_B07B4SF23K,rug,decor,abo,CC-BY-4.0,2.4523,1.5411,0.0118,pending,keep?,,,"Amazon Brand – Rivet Geometric Wool Area Rug, 5 x 8 Foot, Blue, Ivory"
abo_B07B4WGGZR,rug,decor,abo,CC-BY-4.0,1.7927,1.1594,0.0252,pending,keep?,,,"Amazon Brand – Rivet Contemporary Striated Jute Rug, 13' x 9' 3"", Aegean Blue"
abo_B07B4WH5LV,rug,decor,abo,CC-BY-4.0,1.7726,1.1486,0.0213,pending,keep?,,,"Amazon Brand – Rivet Contemporary Striated Jute Area Rug, 5' 9"" x 3' 9"", Silver Birch"
abo_B07B4WKLZ7,rug,decor,abo,CC-BY-4.0,2.4328,1.5074,0.0066,pending,keep?,,,"Amazon Brand – Rivet Modern Chevron Wool Area Rug, 5' x 8', Blue, Green, Ivory"
abo_B07B4WKQHJ,rug,decor,abo,CC-BY-4.0,3.2447,2.467,0.0456,pending,keep?,,,"Amazon Brand – Rivet Contemporary Striated Jute Area Rug, 10' 6"" x 8', Off White"
abo_B07B515Q7D,rug,decor,abo,CC-BY-4.0,3.1984,2.4254,0.0159,pending,keep?,,,"Amazon Brand – Rivet Contemporary Striated Jute Rug, 10' 6"" x 8', Citron"
abo_B07HSDXLX2,rug,decor,abo,CC-BY-4.0,1.781,1.1836,0.0121,pending,keep?,,,"Stone & Beam Rug, 3'11"" x 5'11"", Blue, Navy, Multicolor"
abo_B07HSF7LWP,rug,decor,abo,CC-BY-4.0,1.5984,1.5984,0.0096,pending,keep?,,,"Stone & Beam Polypropylene Round Rug, 5'3"" x 5'3"", Gray, Orange, Multicolor"
abo_B07TS7ZCVM,rug,decor,abo,CC-BY-4.0,1.7779,1.219,0.03,pending,keep?,,,"Amazon Basics - 4'X6' Plush Diamond Trellis Shag Rug, Grey"
abo_B073NZT572,wall_art,decor,abo,CC-BY-4.0,0.4802,0.0155,0.6567,pending,keep?,,,"Amazon Brand – Stone & Beam Modern Print Wall Art of Brooklyn Bridge Sketch, Black Frame, 18"" x 26"""
abo_B073NZTB8J,wall_art,decor,abo,CC-BY-4.0,0.3492,0.0381,0.3492,pending,keep?,,,"Amazon Brand – Stone & Beam Modern Red and Gold Tulip Print on Canvas, Brown Frame, 13.75"" x 13.75"""
abo_B073P13J4L,wall_art,decor,abo,CC-BY-4.0,0.4063,0.0415,0.4065,pending,keep?,,,"Amazon Brand – Rivet Aerial View Black, White and Gold Floral Canvas Print Wall Art, 16"" x 16"""
abo_B073P13J54,wall_art,decor,abo,CC-BY-4.0,0.6589,0.013,0.9399,pending,keep?,,,"Amazon Brand – Rivet Patterned Color Circles Wall Art in White Frame, 26"" x 38"""
abo_B073P15SD2,wall_art,decor,abo,CC-BY-4.0,0.3744,0.0123,0.5289,pending,keep?,,,"Amazon Brand – Stone & Beam Modern Gold Print of 1885 Baseball Bat Patent, Black Frame, 15"" x 21"""
abo_B073P16J69,wall_art,decor,abo,CC-BY-4.0,0.7729,0.0313,0.775,pending,keep?,,,"Amazon Brand – Rivet World Map Hemisphere Print in Black and White Vintage Wall Art, Black Frame, 30.5"" x 30.5"""
abo_B073P19S7P,wall_art,decor,abo,CC-BY-4.0,0.4561,0.013,0.656,pending,keep?,,,"Amazon Brand – Rivet Patterned Modern Pink and Grey Triangles in White Frame Wall Art, 18"" x 26"""
abo_B073P1BKT1,wall_art,decor,abo,CC-BY-4.0,0.3796,0.0132,0.5335,pending,keep?,,,"Amazon Brand – Stone & Beam Modern Metallic Ink Reprint of Sailing Ship Patent Wall Art, Silver Frame, 15"" x 21"""
abo_B073P1H7CF,wall_art,decor,abo,CC-BY-4.0,0.3316,0.0152,0.4773,pending,keep?,,,"Black and White Vintage Bike Print in White Frame, 15"" x 21"""
abo_B073P52NDX,wall_art,decor,abo,CC-BY-4.0,0.508,0.0381,0.508,pending,keep?,,,"Amazon Brand – Stone & Beam Modern Black and White Desert Cactus Photo on Wood, White Frame, 20"" x 20"""
abo_B073P54PYL,wall_art,decor,abo,CC-BY-4.0,0.7693,0.0416,0.7661,pending,keep?,,,"Amazon Brand – Rivet Modern Gold Pyramid Triangle Print Wall Art, 30"" x 30"", Black Frame"
abo_B073P5KYG9,wall_art,decor,abo,CC-BY-4.0,0.5067,0.0379,0.5072,pending,keep?,,,"Amazon Brand – Stone & Beam Abstract Topographic Print in Black Wood Frame, 20"" x 20"""
abo_B073P5L2QM,wall_art,decor,abo,CC-BY-4.0,0.7585,0.0375,0.7585,pending,keep?,,,"Amazon Brand – Rivet Modern White Framed Black and White Paris Map Print, 30"" x 30"""
abo_B073P5MPW9,wall_art,decor,abo,CC-BY-4.0,0.3044,0.0377,0.3031,pending,keep?,,,"Amazon Brand – Stone & Beam Modern Turquoise and Orange Palm Print in Gray Frame Wall Art, 12"" x 12"""
abo_B073P6FYT4,wall_art,decor,abo,CC-BY-4.0,0.5051,0.0371,0.5051,pending,keep?,,,"Amazon Brand – Rivet Vintage Blue Yellow and Green Chairs in Gold Wood Frame Wall Art, 20"" x 20"""
abo_B075HWJ4K7,wall_art,decor,abo,CC-BY-4.0,0.6024,0.0482,0.9164,pending,keep?,,,"Amazon Brand – Rivet Abstract Asian Influenced Grey and Black Print on Canvas Wall Art Decor, 36""W x 24""H"
abo_B07HSGM25V,wall_art,decor,abo,CC-BY-4.0,0.888,0.0354,0.8974,pending,keep?,,,"Amazon Brand – Stone & Beam Traditional Landscape Print with Copper Leaf Wall Art Decor on Canvas - 35"" x 35"""
abo_B075HR4ZDB,vase,decor,abo,CC-BY-4.0,0.1593,0.1593,0.1999,pending,keep?,,,"Amazon Brand – Stone & Beam Modern Decorative Ceramic Vase Decor With Geometric Pattern, 7.7 Inch Height, White"
abo_B075HWDSC6,vase,decor,abo,CC-BY-4.0,0.1,0.1,0.2704,pending,keep?,,,"Amazon Brand – Rivet Rustic Stoneware Indoor Outdoor Flower Plant Home Decor Tall Cylinder Vase, 11""H, Silver"
abo_B075HWDSZY,vase,decor,abo,CC-BY-4.0,0.099,0.099,0.2778,pending,keep?,,,"Amazon Brand – Rivet Rustic Stoneware Indoor Outdoor Flower Plant Home Decor Tall Cylinder Vase, 11""H, Bronze"
abo_B075HWDTHZ,vase,decor,abo,CC-BY-4.0,0.0454,0.0454,0.103,pending,keep?,,,"Amazon Brand – Rivet Rustic Stoneware Indoor Outdoor Flower Plant Home Decor Cylinder Vase, 9""H, Silver"
abo_B075HWX45W,vase,decor,abo,CC-BY-4.0,0.1001,0.1001,0.2273,pending,keep?,,,"Amazon Brand – Rivet Rustic Stoneware Indoor Outdoor Flower Plant Home Decor Cylinder Vase, 9""H, Bronze"
abo_B078JFFX4L,vase,decor,abo,CC-BY-4.0,0.1368,0.1368,0.1763,pending,keep?,,,"Amazon Brand – Stone & Beam Modern Round Ceramic Home Decor Flower Vase - 7 Inch, Coral White Tan"
abo_B078JGHZT3,vase,decor,abo,CC-BY-4.0,0.1161,0.116,0.1792,pending,keep?,,,"Amazon Brand – Stone & Beam Modern Ceramic Home Decor Flower Vase - 7 Inch, Teal White Tan"
abo_B078JGRLCJ,vase,decor,abo,CC-BY-4.0,0.1539,0.1539,0.1332,pending,keep?,,,"Amazon Brand – Rivet Mid Century Modern Round Ceramic Home Decor Flower Vase - 5 Inch, Blue and Green"
abo_B078JGYJTG,vase,decor,abo,CC-BY-4.0,0.1445,0.1445,0.2965,pending,keep?,,,"Amazon Brand – Stone & Beam Modern Ceramic Home Decor Flower Vase - 11.75 Inch, Coral White Tan"
abo_B078JJDPR2,vase,decor,abo,CC-BY-4.0,0.106,0.106,0.1916,pending,keep?,,,"Amazon Brand – Stone & Beam Modern Ceramic Home Decor Flower Vase - 7 Inch, Teal White Tan"
abo_B07HSLG6WR,vase,decor,abo,CC-BY-4.0,0.1692,0.1692,0.2367,pending,keep?,,,"Amazon Brand – Rivet Westline Modern Indoor Outdoor Hand-Painted Stoneware Flower Vase, 9.5""H, Red White Blue Black"
abo_B07JM1K8VH,vase,decor,abo,CC-BY-4.0,0.1692,0.1692,0.2402,pending,keep?,,,"Amazon Brand – Rivet Westline Modern Indoor Outdoor Hand-Painted Stoneware Flower Vase, 9.5""H, Yellow White Blue Black"
abo_B07QB8L3L5,vase,decor,abo,CC-BY-4.0,0.1162,0.1162,0.2297,pending,keep?,,,"Amazon Brand – Stone & Beam Textured Modern Vase, 15.86""H, Blue"
abo_B07QC8C7Y4,vase,decor,abo,CC-BY-4.0,0.202,0.202,0.3354,pending,keep?,,,"Amazon Brand – Stone & Beam Textured Modern Vase, 12.4""H, White"
abo_B07QC8CB15,vase,decor,abo,CC-BY-4.0,0.1722,0.1722,0.2696,pending,keep?,,,"Amazon Brand – Stone & Beam Mid-Century Feather Vase, 8.66""H, Neutral and Gold"
abo_B07QC8CFCY,vase,decor,abo,CC-BY-4.0,0.2975,0.0975,0.1218,pending,keep?,,,"Amazon Brand – Ravenna Home Mid-Century Stoneware Vases, Set of 3, 4.8""H, 3 colors"
abo_B07QD6ZC1P,vase,decor,abo,CC-BY-4.0,0.1632,0.1632,0.2672,pending,keep?,,,"Amazon Brand – Stone & Beam Modern Stoneware Vase, 10.51""H, Blue and Sand"
abo_B07QD6ZV84,vase,decor,abo,CC-BY-4.0,0.1722,0.1722,0.2696,pending,keep?,,,"Amazon Brand – Stone & Beam Mid-Century Rustic Vase, 8.66""H, Neutral"
abo_B07QFB5MW6,vase,decor,abo,CC-BY-4.0,0.2968,0.2968,0.4987,pending,keep?,,,"Amazon Brand – Stone & Beam Textured Modern Vase, 9.05""H, Gray"
abo_B07QFB5MXX,vase,decor,abo,CC-BY-4.0,0.061,0.0612,0.1427,pending,keep?,,,"Amazon Brand – Rivet Mid-Century Metallic Stoneware Vase, 11.8""H, Gold"
gen_bowl_industrial_1_8fc4b9a1,bowl,decor,generated,"generated (TRELLIS.2-4B, MIT)",0.35,0.35,0.1741,pending,vision?,,,Generated industrial bowl (1)
gen_bowl_industrial_4_0af12e89,bowl,decor,generated,"generated (TRELLIS.2-4B, MIT)",0.3499,0.3501,0.1285,pending,vision?,,,Generated industrial bowl (4)
gen_bowl_industrial_6_b8eef47e,bowl,decor,generated,"generated (TRELLIS.2-4B, MIT)",0.3503,0.3497,0.1254,pending,vision?,,,Generated industrial bowl (6)
gen_bowl_japandi_1_6596ba4b,bowl,decor,generated,"generated (TRELLIS.2-4B, MIT)",0.3501,0.3499,0.1071,pending,vision?,,,Generated japandi bowl (1)
gen_bowl_japandi_5_f9ac0f6a,bowl,decor,generated,"generated (TRELLIS.2-4B, MIT)",0.3501,0.3499,0.1115,pending,vision?,,,Generated japandi bowl (5)
gen_bowl_mediterranean_1_80ad0595,bowl,decor,generated,"generated (TRELLIS.2-4B, MIT)",0.3501,0.3499,0.1109,pending,vision?,,,Generated mediterranean bowl (1)
gen_bowl_mediterranean_4_014f7e0c,bowl,decor,generated,"generated (TRELLIS.2-4B, MIT)",0.3504,0.3496,0.1196,pending,vision?,,,Generated mediterranean bowl (4)
gen_bowl_mediterranean_5_89d14d2a,bowl,decor,generated,"generated (TRELLIS.2-4B, MIT)",0.3499,0.3501,0.1149,pending,vision?,,,Generated mediterranean bowl (5)
gen_bowl_minimal_1_58d9a7aa,bowl,decor,generated,"generated (TRELLIS.2-4B, MIT)",0.35,0.35,0.1246,pending,vision?,,,Generated minimal bowl (1)
gen_bowl_minimal_4_af49933c,bowl,decor,generated,"generated (TRELLIS.2-4B, MIT)",0.35,0.35,0.1159,pending,vision?,,,Generated minimal bowl (4)
gen_bowl_modern_1_c5302d78,bowl,decor,generated,"generated (TRELLIS.2-4B, MIT)",0.3508,0.3492,0.1269,pending,vision?,,,Generated modern bowl (1)
gen_bowl_modern_4_c75b3b47,bowl,decor,generated,"generated (TRELLIS.2-4B, MIT)",0.3503,0.3497,0.1081,pending,vision?,,,Generated modern bowl (4)
gen_bowl_modern_minimal_1_8e554715,bowl,decor,generated,"generated (TRELLIS.2-4B, MIT)",0.35,0.35,0.1003,pending,vision?,,,Generated modern minimal bowl (1)
gen_bowl_modern_minimal_4_e4ace234,bowl,decor,generated,"generated (TRELLIS.2-4B, MIT)",0.35,0.35,0.1079,pending,vision?,,,Generated modern minimal bowl (4)
gen_bowl_rustic_1_4d403b64,bowl,decor,generated,"generated (TRELLIS.2-4B, MIT)",0.3497,0.3503,0.0965,pending,vision?,,,Generated rustic bowl (1)
gen_bowl_rustic_4_c6b3f320,bowl,decor,generated,"generated (TRELLIS.2-4B, MIT)",0.35,0.35,0.1313,pending,vision?,,,Generated rustic bowl (4)
gen_bowl_scandinavian_1_ca5c9c50,bowl,decor,generated,"generated (TRELLIS.2-4B, MIT)",0.3501,0.3499,0.0976,pending,vision?,,,Generated scandinavian bowl (1)
gen_bowl_scandinavian_2_10f5db00,bowl,decor,generated,"generated (TRELLIS.2-4B, MIT)",0.35,0.35,0.1092,pending,vision?,,,Generated scandinavian bowl (2)
gen_bowl_scandinavian_5_d2b9b4a7,bowl,decor,generated,"generated (TRELLIS.2-4B, MIT)",0.3499,0.3501,0.1041,pending,vision?,,,Generated scandinavian bowl (5)
gen_plant_small_classic_1_08e9f778,plant_small,decor,generated,"generated (TRELLIS.2-4B, MIT)",0.2967,0.2642,0.3655,pending,vision?,,,Generated classic plant small (1)
gen_plant_small_classic_4_53050a52,plant_small,decor,generated,"generated (TRELLIS.2-4B, MIT)",0.2917,0.2688,0.3375,pending,vision?,,,Generated classic plant small (4)
gen_plant_small_industrial_1_94d74431,plant_small,decor,generated,"generated (TRELLIS.2-4B, MIT)",0.2572,0.3049,0.3681,pending,vision?,,,Generated industrial plant small (1)
gen_plant_small_industrial_4_26598070,plant_small,decor,generated,"generated (TRELLIS.2-4B, MIT)",0.2647,0.2962,0.3757,pending,vision?,,,Generated industrial plant small (4)
gen_plant_small_industrial_5_effc724b,plant_small,decor,generated,"generated (TRELLIS.2-4B, MIT)",0.2703,0.2901,0.3178,pending,vision?,,,Generated industrial plant small (5)
gen_plant_small_japandi_1_32d3b9fb,plant_small,decor,generated,"generated (TRELLIS.2-4B, MIT)",0.2846,0.2755,0.3562,pending,vision?,,,Generated japandi plant small (1)
gen_plant_small_japandi_5_cabc98bd,plant_small,decor,generated,"generated (TRELLIS.2-4B, MIT)",0.2861,0.274,0.3729,pending,vision?,,,Generated japandi plant small (5)
gen_plant_small_mediterranean_1_3691e399,plant_small,decor,generated,"generated (TRELLIS.2-4B, MIT)",0.273,0.2871,0.3226,pending,vision?,,,Generated mediterranean plant small (1)
gen_plant_small_mediterranean_4_8292bf7a,plant_small,decor,generated,"generated (TRELLIS.2-4B, MIT)",0.276,0.2841,0.3638,pending,vision?,,,Generated mediterranean plant small (4)
gen_plant_small_minimal_1_6f2e772d,plant_small,decor,generated,"generated (TRELLIS.2-4B, MIT)",0.2841,0.276,0.3702,pending,vision?,,,Generated minimal plant small (1)
gen_plant_small_minimal_4_e8c7266b,plant_small,decor,generated,"generated (TRELLIS.2-4B, MIT)",0.2939,0.2667,0.3789,pending,vision?,,,Generated minimal plant small (4)
gen_plant_small_modern_1_e1ff6032,plant_small,decor,generated,"generated (TRELLIS.2-4B, MIT)",0.2914,0.269,0.3348,pending,vision?,,,Generated modern plant small (1)
gen_plant_small_modern_4_086a8ac4,plant_small,decor,generated,"generated (TRELLIS.2-4B, MIT)",0.2841,0.2759,0.3161,pending,vision?,,,Generated modern plant small (4)
gen_plant_small_modern_minimal_1_7ea34d3d,plant_small,decor,generated,"generated (TRELLIS.2-4B, MIT)",0.273,0.2872,0.3295,pending,vision?,,,Generated modern minimal plant small (1)
gen_plant_small_modern_minimal_4_e33af5b4,plant_small,decor,generated,"generated (TRELLIS.2-4B, MIT)",0.2814,0.2786,0.3821,pending,vision?,,,Generated modern minimal plant small (4)
gen_plant_small_rustic_1_5cdaa51b,plant_small,decor,generated,"generated (TRELLIS.2-4B, MIT)",0.2923,0.2682,0.4004,pending,vision?,,,Generated rustic plant small (1)
gen_plant_small_rustic_4_694dfd55,plant_small,decor,generated,"generated (TRELLIS.2-4B, MIT)",0.2835,0.2765,0.3359,pending,vision?,,,Generated rustic plant small (4)
gen_plant_small_scandinavian_1_0dcfdd60,plant_small,decor,generated,"generated (TRELLIS.2-4B, MIT)",0.2744,0.2857,0.345,pending,vision?,,,Generated scandinavian plant small (1)
gen_plant_small_scandinavian_2_20075b95,plant_small,decor,generated,"generated (TRELLIS.2-4B, MIT)",0.2654,0.2954,0.342,pending,vision?,,,Generated scandinavian plant small (2)
gen_plant_small_scandinavian_5_02284d1a,plant_small,decor,generated,"generated (TRELLIS.2-4B, MIT)",0.2746,0.2855,0.4054,pending,vision?,,,Generated scandinavian plant small (5)
abo_B07374P6MR,table_lamp,decor,abo,CC-BY-4.0,0.2439,0.2436,0.5362,pending,keep?,,,"Amazon Brand – Stone & Beam Modern Bedroom Table Desk Lamp With Light Bulb - 8 x 8 x 20.5 Inches, Wood Grain"
abo_B07374QFJ3,table_lamp,decor,abo,CC-BY-4.0,0.2109,0.2109,0.5094,pending,keep?,,,"Amazon Brand – Stone & Beam Glass Column Living Room Table Desk Lamp With Light Bulb and Linen Shade, 23""H, Black"
abo_B07374VCVN,table_lamp,decor,abo,CC-BY-4.0,0.3005,0.3005,0.4314,pending,keep?,,,"Amazon Brand – Rivet Copper Geometric Bedside Table Desk Lamp With Light Bulb - 16.75 Inches, Copper"
abo_B073P3HHFS,table_lamp,decor,abo,CC-BY-4.0,0.2861,0.1534,0.456,pending,keep?,,,"Rivet Pike Factory Industrial Table Lamp With Light Bulb - 6 x 13 x 19 Inches, Brushed Steel"
abo_B075X12QV5,table_lamp,decor,abo,CC-BY-4.0,0.2406,0.2403,0.4816,pending,keep?,,,"Rivet Mid Century Modern Rubberwood Living Room Table Lamp With Light Bulb - 19 Inches, Black with Linen White Shade"
abo_B075X2FW6F,table_lamp,decor,abo,CC-BY-4.0,0.2017,0.2017,0.3495,pending,keep?,,,"Rivet Wood and Black Marble Lamp, Mid-Century Walnut, With Bulb, 18""H"
abo_B075X2NLK5,table_lamp,decor,abo,CC-BY-4.0,0.2983,0.2983,0.5026,pending,keep?,,,"Rivet Modern Deer Head Ceramic Lamp With Bulb, 19.5""H, White and Brass"
abo_B07B4VGZ9B,table_lamp,decor,abo,CC-BY-4.0,0.1892,0.2924,0.6465,pending,keep?,,,"Amazon Brand – Rivet Mid-Century Modern Curved Task Desk Table Lamp With USB Port And Light Bulb - 26 Inches, Matte Black &amp; Brushed Steel"
abo_B07DBDV67C,table_lamp,decor,abo,CC-BY-4.0,0.3284,0.3284,0.6189,pending,keep?,,,"Amazon Brand – Ravenna Home Accent Table Lamp with LED Light Bulb -18.5 Inches, Brushed Nickel with White Shade"
abo_B07DT4GY4W,table_lamp,decor,abo,CC-BY-4.0,0.3485,0.3485,0.6675,pending,keep?,,,Amazon Brand – Stone & Beam Modern Farmhouse Wood Cylinder Table Desk Lamp With LED Light Bulb And White Shade- 14 x 14 x 27 Inches
abo_B07HK3PNSK,table_lamp,decor,abo,CC-BY-4.0,0.1675,0.0885,0.3168,pending,keep?,,,"Rivet Contemporary Palm Tree Neon Table Lamp, 11.75""H, White AF44228"
abo_B07HK8YHB7,table_lamp,decor,abo,CC-BY-4.0,0.3076,0.3076,0.58,pending,keep?,,,"Amazon Brand – Rivet Mid-Century Modern Cone Nightstand Table Desk Lamp with LED Light Bulb - 15 Inches, Black and Gold"
abo_B07HKGHSR7,table_lamp,decor,abo,CC-BY-4.0,0.3043,0.3043,0.5733,pending,keep?,,,"Amazon Brand – Rivet Modern Two Tone Table Desk Lamp with LED Light Bulb and Drum Shade - 12 x 12 x 15.88 Inches, Matte Black and Antique Brass"
abo_B07MBFD6F9,table_lamp,decor,abo,CC-BY-4.0,0.2506,0.2506,0.5092,pending,keep?,,,"Amazon Brand – Ravenna Home Metal Table Lamp with LED Light Bulb, 20""H, Dark Bronze"
abo_B07MF1RNW1,table_lamp,decor,abo,CC-BY-4.0,0.2687,0.2266,0.4043,pending,keep?,,,"Amazon Brand – Ravenna Home Classic Straight Banker's Task Desk Lamp with LED Light Bulb, 16""H, Brushed Nickel"
abo_B07MF1S4SK,table_lamp,decor,abo,CC-BY-4.0,0.2864,0.2864,0.5103,pending,keep?,,,"Amazon Brand – Ravenna Home Round Base Table Lamp with LED Light Bulb, 20""H, Dark Bronze"
abo_B07MHMNK1L,table_lamp,decor,abo,CC-BY-4.0,0.2119,0.2119,0.493,pending,keep?,,,"Amazon Brand – Stone & Beam Two-Toned Ceramic Base Table Lamp, Bulb Included, 19.75""H, Beige"
abo_B0824F6HZ4,table_lamp,decor,abo,CC-BY-4.0,0.1714,0.3326,0.4885,pending,keep?,,,"Amazon Brand – Ravenna Home Traditional Metal Downbridge Desk Lamp with Adjustable Shade, LED Bulb Included, 19.25""H, Brushed Nickel"
abo_B0825CP3NS,table_lamp,decor,abo,CC-BY-4.0,0.2286,0.2286,0.4699,pending,keep?,,,"Amazon Brand – Rivet Scandinavian Real Blond-Wood Table Lamp with Marble Bottom, LED Bulb Included, 18.5""H, Beige"
abo_B0825CXG81,table_lamp,decor,abo,CC-BY-4.0,0.2277,0.2277,0.4444,pending,keep?,,,"Amazon Brand – Rivet Scandinavian Real Wood Table Lamp with Faux Marble Base, LED Bulb Included, 17.5""H, Gray Wood"
abo_B0713T6T4D,mirror,decor,abo,CC-BY-4.0,0.7666,0.0297,0.9828,pending,keep?,,,"Amazon Brand – Stone & Beam Iron Latticework Decorative Hanging Mirror Wall Art, 39.4 Inch Height, Verdi Green"
abo_B0718ZKQK8,mirror,decor,abo,CC-BY-4.0,0.6057,0.0436,0.9118,pending,keep?,,,"Amazon Brand – Stone & Beam Rustic Wood and Rope Geo Mirror, 36"" H, Natural"
abo_B071HBBDZ1,mirror,decor,abo,CC-BY-4.0,0.3817,0.02,0.3805,pending,keep?,,,"Amazon Brand – Stone & Beam Round Wood Quadrant Hanging Wall Mirror, 15 Inch Height, Dark Wood Finish"
abo_B071V8LJQJ,mirror,decor,abo,CC-BY-4.0,0.3817,0.0197,0.3805,pending,keep?,,,"Amazon Brand – Stone & Beam Square Wood Quadrant Hanging Wall Mirror, 15 Inch Height, Dark Wood Finish"
abo_B071V8M937,mirror,decor,abo,CC-BY-4.0,0.5092,0.0424,0.5071,pending,keep?,,,"Amazon Brand – Stone & Beam Sunburst Lines Hanging Wall Mirror Decor, 20 Inch Height, Antique Gold Finish"
abo_B07B4W5R8N,mirror,decor,abo,CC-BY-4.0,1.3286,0.0448,1.0177,pending,keep?,,,"Amazon Brand – Rivet Jonathan Mid-Century Modern Mirror Wood Frame, 52"", Walnut"
abo_B07B8NW6GG,mirror,decor,abo,CC-BY-4.0,0.3549,0.0423,0.5678,pending,keep?,,,"Amazon Brand – Stone & Beam Rustic Farmhouse Round Wood Iron Mirror with Faux Leather Strap - 22 Inch, Black Metal"
abo_B07RNMMYNR,mirror,decor,abo,CC-BY-4.0,0.4057,0.0406,0.5087,pending,keep?,,,"Amazon Basics Rectangular Wall Mirror 16"" x 20"" - Peaked Trim, White"
abo_B07RNMMYPR,mirror,decor,abo,CC-BY-4.0,0.762,0.0406,1.0158,pending,keep?,,,"Amazon Basics Rectangular Wall Mirror 30"" x 40"" - Peaked Trim, White"
abo_B07RNMNFQ5,mirror,decor,abo,CC-BY-4.0,0.7622,0.0402,1.0158,removed,removed,"a copy of abo_B07RNMMYPR (box +-1 cm, faces +-1%, same texture)",,"Amazon Basics Rectangular Wall Mirror 30"" x 40"" - Standard Trim, Walnut"
abo_B07RNMNGYF,mirror,decor,abo,CC-BY-4.0,0.6091,0.0402,0.9147,pending,keep?,,,"Amazon Basics Rectangular Wall Mirror 24"" x 36"" - Standard Trim, Black"
abo_B084DQ9VWM,mirror,decor,abo,CC-BY-4.0,0.6858,0.019,0.6858,pending,keep?,,,"Amazon Brand – Ravenna Home Vintage Wooden Accent Mirror, 27.75""H, Natural"
abo_B084HTY39G,mirror,decor,abo,CC-BY-4.0,0.4191,0.0317,0.6795,pending,keep?,,,"Amazon Brand - Rivet Modern Rhombus Cutout Hanging Mirror, 26.75""H, Gold"
abo_B084HTZ2C6,mirror,decor,abo,CC-BY-4.0,0.4572,0.1333,0.4572,pending,keep?,,,"Amazon Brand - Rivet Modern Round Hanging Mirror with Shelf, 18"" Diameter, Gold"
abo_B084HV148L,mirror,decor,abo,CC-BY-4.0,0.5651,0.0318,0.5651,pending,keep?,,,"Amazon Brand - Rivet Modern Round Cutout Hanging Mirror, 22.25"" Diameter, Gold"
abo_B084HV5LK3,mirror,decor,abo,CC-BY-4.0,0.2222,0.0318,0.9906,pending,keep?,,,"Amazon Brand - Rivet Modern Oval Hanging Mirror, 39""H, Gold"
abo_B084HV67GW,mirror,decor,abo,CC-BY-4.0,0.5842,0.0317,0.254,pending,keep?,,,"Amazon Brand - Rivet Modern Cutout Hanging Mirror, 23""H, Gold"
gen_curtain_classic_2_abb8eff3,curtain,decor,generated,"generated (TRELLIS.2-4B, MIT)",0.6643,0.1622,1.0014,pending,vision?,,,Generated classic curtain (2)
gen_curtain_industrial_1_23f0856b,curtain,decor,generated,"generated (TRELLIS.2-4B, MIT)",0.684,0.1196,1.001,pending,vision?,,,Generated industrial curtain (1)
gen_curtain_mediterranean_1_55dc3d88,curtain,decor,generated,"generated (TRELLIS.2-4B, MIT)",0.6363,0.1289,1.0019,pending,vision?,,,Generated mediterranean curtain (1)
gen_curtain_mediterranean_2_0c50d539,curtain,decor,generated,"generated (TRELLIS.2-4B, MIT)",0.5607,0.1036,1.002,pending,vision?,,,Generated mediterranean curtain (2)
gen_curtain_modern_minimal_2_235eed17,curtain,decor,generated,"generated (TRELLIS.2-4B, MIT)",0.6539,0.3723,1.0019,pending,vision?,,,Generated modern minimal curtain (2)
gen_curtain_rustic_2_f1cb2022,curtain,decor,generated,"generated (TRELLIS.2-4B, MIT)",0.661,0.1405,1.0019,pending,vision?,,,Generated rustic curtain (2)
gen_curtain_scandinavian_2_8e241991,curtain,decor,generated,"generated (TRELLIS.2-4B, MIT)",0.5927,0.2021,1.0019,pending,vision?,,,Generated scandinavian curtain (2)
objaverse_024b7af4893a438abeafa86bf13d09ab,curtain,decor,objaverse,CC-BY-4.0,1.5878,0.2216,3.0325,pending,keep?,,,Curtain
objaverse_3bcbef09de9846069745893615aae970,curtain,decor,objaverse,CC-BY-4.0,3.6618,0.2323,3.0167,pending,keep?,,,Curtains
objaverse_47ded0c610824037aa498c540216a833,curtain,decor,objaverse,CC-BY-4.0,1.1814,0.1031,3.0765,pending,keep?,,,Curtain Wet Cloth
objaverse_5b9e03a46de84bd58d3894cab9f40a78,curtain,decor,objaverse,CC-BY-4.0,0.1729,1.3955,1.7515,removed,removed,"the title names window, not a curtain",,Window
objaverse_7187bae2a1944e2ab5b9c91b400558f1,curtain,decor,objaverse,CC-BY-4.0,2.4867,0.5443,2.3437,pending,keep?,,,Curtain
objaverse_87f2d57d6d7e4f22b2ac2da367dd6007,curtain,decor,objaverse,CC-BY-4.0,1.6287,0.1327,1.9238,pending,removed?,,,Scene
objaverse_a83e1baf822a4442b0f50ed70d449198,curtain,decor,objaverse,CC-BY-4.0,1.8448,0.2626,1.6071,pending,keep?,,,Curtains
objaverse_b0bd00b700a3451da1cb4ad9b082c3e0,curtain,decor,objaverse,CC-BY-4.0,0.7963,0.575,1.6759,pending,vision?,,,Quentin Sees Neighbor
objaverse_b9e55f04b6dc442fb3bebbab253460e7,curtain,decor,objaverse,CC-BY-4.0,2.4466,0.5282,3.1027,pending,keep?,,,Curtain in the wind
objaverse_d244d166eb5a4e659f5264a536443bac,curtain,decor,objaverse,CC-BY-4.0,1.2692,0.2308,2.4615,pending,keep?,,,Curtains
objaverse_dac09c92cc82445994d76c1083ca8888,curtain,decor,objaverse,CC-BY-4.0,2.728,0.1776,2.0766,removed,removed,"the title names window, not a curtain",,Window
objaverse_e5b01c717dbd4244b861168eddd67375,curtain,decor,objaverse,CC-BY-4.0,1.7316,0.3449,1.6151,pending,keep?,,,Curtain a prop
objaverse_e826c513779149d7ab3bde944647573f,curtain,decor,objaverse,CC-BY-4.0,0.1652,1.3955,1.7515,removed,removed,"the title names window, not a curtain",,Window
gen_blind_industrial_4_d38b2c66,blind,decor,generated,"generated (TRELLIS.2-4B, MIT)",1.002,0.0924,0.863,pending,vision?,,,Generated industrial blind (4)
gen_blind_japandi_1_868561f3,blind,decor,generated,"generated (TRELLIS.2-4B, MIT)",0.8875,0.0908,0.9991,pending,vision?,,,Generated japandi blind (1)
gen_blind_japandi_5_1ba5318e,blind,decor,generated,"generated (TRELLIS.2-4B, MIT)",1.002,0.1212,1.0012,pending,vision?,,,Generated japandi blind (5)
gen_blind_mediterranean_4_a6f5003b,blind,decor,generated,"generated (TRELLIS.2-4B, MIT)",1.0019,0.1201,0.8124,pending,vision?,,,Generated mediterranean blind (4)
gen_blind_minimal_4_343b5f93,blind,decor,generated,"generated (TRELLIS.2-4B, MIT)",1.002,0.0685,0.9285,pending,vision?,,,Generated minimal blind (4)
gen_blind_modern_4_e018681c,blind,decor,generated,"generated (TRELLIS.2-4B, MIT)",1.0021,0.0868,0.9,pending,vision?,,,Generated modern blind (4)
gen_blind_modern_minimal_4_ff409718,blind,decor,generated,"generated (TRELLIS.2-4B, MIT)",1.0018,0.0839,0.8732,pending,vision?,,,Generated modern minimal blind (4)
gen_blind_scandinavian_1_f05a9bbd,blind,decor,generated,"generated (TRELLIS.2-4B, MIT)",0.4225,0.4025,0.4302,removed,removed,"proportions 0.42 x 0.40 x 0.43 m fit no real blind (width (0.3, 3.0), depth (0.01, 0.35), height (0.4, 3.0))",,Generated scandinavian blind (1)
gen_blind_scandinavian_5_212df6a6,blind,decor,generated,"generated (TRELLIS.2-4B, MIT)",0.1431,0.9658,1.0011,pending,vision?,,,Generated scandinavian blind (5)
gen_throw_japandi_1_b42708f1,throw,decor,generated,"generated (TRELLIS.2-4B, MIT)",0.7569,0.6785,0.8,pending,vision?,,,Generated japandi throw (1)
gen_throw_japandi_3_280c8708,throw,decor,generated,"generated (TRELLIS.2-4B, MIT)",1.0029,0.9215,0.7558,pending,vision?,,,Generated japandi throw (3)
gen_throw_mediterranean_3_6db1af43,throw,decor,generated,"generated (TRELLIS.2-4B, MIT)",0.7989,0.3032,0.8,pending,vision?,,,Generated mediterranean throw (3)
gen_throw_minimal_3_9eeda630,throw,decor,generated,"generated (TRELLIS.2-4B, MIT)",0.9968,0.5766,0.7914,pending,vision?,,,Generated minimal throw (3)
gen_throw_modern_3_4f1b4c89,throw,decor,generated,"generated (TRELLIS.2-4B, MIT)",0.8532,0.7304,0.8,pending,vision?,,,Generated modern throw (3)
gen_throw_modern_minimal_1_69ba5696,throw,decor,generated,"generated (TRELLIS.2-4B, MIT)",0.7191,0.6832,0.8,pending,vision?,,,Generated modern minimal throw (1)
gen_throw_modern_minimal_3_9e78dc45,throw,decor,generated,"generated (TRELLIS.2-4B, MIT)",0.9254,0.9257,0.8,pending,vision?,,,Generated modern minimal throw (3)
objaverse_0039218299e647d788844de8e1ef7cc2,throw,decor,objaverse,CC-BY-4.0,0.9747,1.0677,0.0696,removed,removed,the title says linnamagi: not the object,,Ehavere linnamägi (Estonia)
objaverse_0d5590d1d2184aa98797c3d6382afd7e,throw,decor,objaverse,CC-BY-4.0,0.7339,1.1046,0.1205,removed,removed,"the title names futon, bed, not a throw",,Japanese futon/bed
objaverse_2fbb8f56b1ba47bdb6746d95b6fc2242,throw,decor,objaverse,CC-BY-4.0,0.2375,0.1432,0.474,removed,removed,"the title names towel, not a throw",,Hanging Towel
objaverse_511d44e5693549ca9c4002752a35fcb2,throw,decor,objaverse,CC-BY-4.0,1.0,0.9145,0.2072,pending,vision?,,,Scarf
objaverse_68ba20aeb8fe4a03befaa2db5b429758,throw,decor,objaverse,CC-BY-4.0,0.9616,1.0821,0.2885,removed,removed,"the title names kitty, not a throw",,Comfy kitty
objaverse_6b46b33bdff44269bf9391774bb8dd63,throw,decor,objaverse,CC-BY-4.0,1.4306,0.581,0.8,removed,removed,"the title names machine, not a throw",,JuiceMachine
objaverse_ade41221909748209406d91b20c0b06d,throw,decor,objaverse,CC-BY-4.0,0.7989,0.9351,0.276,pending,vision?,,,jastukkk
objaverse_be9b034525c246cebab3620acb5a8027,throw,decor,objaverse,CC-BY-4.0,0.9659,2.1076,0.3014,removed,removed,the title says corpse: not the object,,Corpse
objaverse_eee70cb7980a4ca7aa0a2f86c492283e,throw,decor,objaverse,CC-BY-4.0,1.3855,0.52,0.8,removed,removed,"the title names bench, not a throw",,Bench with Cloth
objaverse_fcff1bddc64c4c9e98f85ff848a8a0eb,throw,decor,objaverse,CC-BY-4.0,1.2233,1.1921,0.7038,removed,removed,"the title names bench, not a throw",,Saoura Traditional bench
gen_books_classic_3_3223f281,books,decor,generated,"generated (TRELLIS.2-4B, MIT)",0.2596,0.3339,0.152,pending,vision?,,,Generated classic books (3)
gen_books_industrial_1_e00c8743,books,decor,generated,"generated (TRELLIS.2-4B, MIT)",0.2484,0.349,0.1347,pending,vision?,,,Generated industrial books (1)
gen_books_industrial_3_fef33ab7,books,decor,generated,"generated (TRELLIS.2-4B, MIT)",0.3105,0.2792,0.1314,pending,vision?,,,Generated industrial books (3)
gen_books_japandi_2_61ebd4b5,books,decor,generated,"generated (TRELLIS.2-4B, MIT)",0.2595,0.3342,0.1307,pending,vision?,,,Generated japandi books (2)
gen_books_mediterranean_1_a40f12bd,books,decor,generated,"generated (TRELLIS.2-4B, MIT)",0.3472,0.2497,0.1666,pending,vision?,,,Generated mediterranean books (1)
gen_books_mediterranean_3_40fb4e04,books,decor,generated,"generated (TRELLIS.2-4B, MIT)",0.3323,0.2609,0.1352,pending,vision?,,,Generated mediterranean books (3)
gen_books_modern_minimal_2_76b4e632,books,decor,generated,"generated (TRELLIS.2-4B, MIT)",0.253,0.3427,0.1103,pending,vision?,,,Generated modern minimal books (2)
gen_books_rustic_3_0316f1d7,books,decor,generated,"generated (TRELLIS.2-4B, MIT)",0.2584,0.3355,0.1935,pending,vision?,,,Generated rustic books (3)
gen_books_scandinavian_2_a69db21c,books,decor,generated,"generated (TRELLIS.2-4B, MIT)",0.2697,0.3215,0.116,pending,vision?,,,Generated scandinavian books (2)
objaverse_1c77a05af556408dbfa04ad1999a8a32,books,decor,objaverse,CC-BY-SA-4.0,0.2399,0.1688,0.2695,removed,removed,licence CC-BY-SA-4.0 not allowed (user decision of 10 Oct 2026),,Books
objaverse_36ef9c80cceb48909e11b358aee00223,books,decor,objaverse,CC-BY-NC-SA-4.0,0.2793,0.3104,0.2568,removed,removed,licence CC-BY-NC-SA-4.0 not allowed (user decision of 10 Oct 2026),,Book
objaverse_4655f87dfe2e47aa8ecd3ddc2443c240,books,decor,objaverse,CC-BY-4.0,0.2679,0.3237,0.1271,pending,keep?,,,book pile ( no memes)
objaverse_6931e14a96f64b158ac4cebcf7ae8763,books,decor,objaverse,CC-BY-SA-4.0,0.4975,0.3497,0.03,removed,removed,licence CC-BY-SA-4.0 not allowed (user decision of 10 Oct 2026),,Opened comics book
objaverse_775a10863f4b4819a409788ad183e2d5,books,decor,objaverse,CC-BY-NC-SA-4.0,0.1447,0.226,0.1322,removed,removed,"licence CC-BY-NC-SA-4.0 not allowed (user decision of 10 Oct 2026) | the title names box, not a books",,Box on Ready Player Two
objaverse_99d6bc041c9d4f56ab414b771e14474c,books,decor,objaverse,CC-BY-4.0,0.4698,0.4392,0.1566,pending,keep?,,,Childhood books
objaverse_a5cce410728140c492855a109f219ac1,books,decor,objaverse,CC-BY-4.0,0.2163,0.2683,0.0744,pending,keep?,,,Bound Books Version 2 - Painted Texture
objaverse_b08a7135cad84e0ca222a8cff075109b,books,decor,objaverse,CC-BY-4.0,0.2487,0.1939,0.1527,pending,keep?,,,Harry Potter Books Stack
objaverse_c1e84a838f644940ae5b40e19bcdfff8,books,decor,objaverse,CC-BY-4.0,0.2647,0.3276,0.0367,pending,vision?,,,Filmbook_St01
objaverse_dfcd6f9d7aba46938912a0f68d0ce676,books,decor,objaverse,CC-BY-NC-SA-4.0,0.2487,0.3486,0.0787,removed,removed,licence CC-BY-NC-SA-4.0 not allowed (user decision of 10 Oct 2026),,The Woodbook #3DST29
objaverse_f8052beda9344eba88c5692c6a29a2cf,books,decor,objaverse,CC-BY-4.0,0.2568,0.3376,0.04,removed,removed,"the title names box, not a books",,Exclusive Kickstarter DELUXE Box
abo_B075HX7JB2,candle,decor,abo,CC-BY-4.0,0.0878,0.0878,0.203,pending,keep?,,,"Amazon Brand – Stone & Beam Rustic Farmhouse Stoneware Pillar Candle Decor Holder - 11 Inch, White and Clay"
abo_B075HXHKTZ,candle,decor,abo,CC-BY-4.0,0.1231,0.1231,0.2016,pending,keep?,,,"Amazon Brand – Stone & Beam Rustic Farmhouse Stoneware Pillar Candle Decor Holder - 8 Inch, White and Clay"
objaverse_4058a3ed739e4f9f89f49323c7db4b4c,candle,decor,objaverse,CC-BY-4.0,0.4593,0.1,0.1364,pending,keep?,,,Candles
objaverse_4c5e1845990045e0a5ad238bafbe353c,candle,decor,objaverse,CC-BY-4.0,0.055,0.0547,0.2427,pending,keep?,,,wooden candlestick
objaverse_5b1307a11309451294ef38bb83a6f9cc,candle,decor,objaverse,CC-BY-4.0,0.2496,0.3315,0.4669,pending,keep?,,,Candlestick
objaverse_61a47d09116b49d680cb466f26e402f9,candle,decor,objaverse,CC-BY-4.0,0.2666,0.2161,0.2816,pending,keep?,,,Candlestick
objaverse_7fd2cf441c5044ebb005e68893f0882f,candle,decor,objaverse,CC-BY-4.0,0.3123,0.1844,0.498,pending,keep?,,,Medieval Candle Holder
objaverse_92bb9f59fd9046b1beb9dca6b21489e2,candle,decor,objaverse,CC-BY-4.0,0.1522,0.084,0.3185,pending,keep?,,,Candles
objaverse_9d46daabbefe4b4eab74d9da349dd015,candle,decor,objaverse,CC-BY-4.0,0.0914,0.092,0.1142,pending,keep?,,,Three candles and a golden candlestick
objaverse_a3467b35348244b6a26897d46f218f86,candle,decor,objaverse,CC-BY-4.0,0.24,0.24,0.5429,pending,keep?,,,Medieval Candelabra (Free Download)
objaverse_b1eb4cef55f94a11b767dc111a86e669,candle,decor,objaverse,CC-BY-4.0,0.0755,0.0755,0.1501,pending,keep?,,,CandleHolder_skyrim
objaverse_bbfe3dd1980b4c7c891a5ec93aa7763a,candle,decor,objaverse,CC-BY-4.0,0.0377,0.0327,0.0684,pending,keep?,,,Gothic Lantern (Mnemolli concept)
objaverse_c408568208c4461fa9c7d54cafe4d1de,candle,decor,objaverse,CC-BY-4.0,0.2652,0.2172,0.5348,pending,keep?,,,Candlestick
objaverse_c408586d8c1547448c4ff47abb4fb981,candle,decor,objaverse,CC-BY-4.0,0.0634,0.0554,0.0744,pending,keep?,,,Candle
objaverse_c532273884b0455b8e65664bbb91f4c4,candle,decor,objaverse,CC-BY-NC-4.0,0.046,0.0508,0.045,removed,removed,licence CC-BY-NC-4.0 not allowed (user decision of 10 Oct 2026),,Medieval candle
objaverse_c5b1ca5b8492426199932f6b1a64a4d9,candle,decor,objaverse,CC-BY-4.0,0.0392,0.0386,0.0508,removed,removed,the title says lowpoly: not photoreal,,Lowpoly Candle
objaverse_cce3a987bda2410993fbc7a24db70eb5,candle,decor,objaverse,CC-BY-4.0,0.158,0.1241,0.2923,pending,keep?,,,Antique Candle Holder
objaverse_d559f45b2d13437b9681a70fed5cc8e3,candle,decor,objaverse,CC-BY-4.0,0.1577,0.15,0.4089,pending,keep?,,,Candle
objaverse_d9d5ed5de83b4d899ab93f55bdc3d0bc,candle,decor,objaverse,CC-BY-4.0,0.1047,0.0923,0.1242,pending,keep?,,,Candle light
objaverse_f00558f1fba44a9698a2df0d9feb0d59,candle,decor,objaverse,CC-BY-4.0,0.3105,0.0921,0.3815,pending,keep?,,,Candelabra
abo_B07HSJX4TG,basket,decor,abo,CC-BY-4.0,0.3514,0.917,0.3561,pending,keep?,,,"Amazon Brand – Rivet Modern Geometric Handwoven Round Basket Set - Set of 3, White / Black"
abo_B07HSMVFKY,basket,decor,abo,CC-BY-4.0,0.7996,0.3631,0.3961,pending,keep?,,,"Amazon Brand – Rivet Modern Braided Stripe Round Basket Set - Set of 3, Natural"
abo_B084HTVV65,basket,decor,abo,CC-BY-4.0,0.7459,0.3558,0.3505,pending,keep?,,,"Rivet Modern Metal Wire Baskets, Set of 2, 13.75""H and 11.75""H, Silver"
objaverse_01c77468a1d04414ae24ecd1d1559f7d,basket,decor,objaverse,CC-BY-4.0,0.55,0.55,0.6875,removed,removed,the title says stylized: not photoreal,,Stylized Sand Bricks Material
objaverse_0cd51caee3e14b2d92efaef53c7c0196,basket,decor,objaverse,CC-BY-4.0,0.2657,0.1614,0.1305,pending,fix?,,,Rattan Tray
objaverse_0ecfa65cfee44fcbb48d3aeca1128454,basket,decor,objaverse,CC-BY-4.0,0.2461,0.2518,0.278,pending,keep?,,,Market Rattan Basket
objaverse_2687ac6a5dc94c949fe22d143868e301,basket,decor,objaverse,CC-BY-4.0,0.3019,0.3019,0.444,pending,keep?,,,QHD-02 Bakul Dak Kakak
objaverse_2cd59181404c4aaa995a0ea55f89e212,basket,decor,objaverse,CC-BY-4.0,0.5383,0.5619,0.4888,pending,keep?,,,IKEA FLÅDIS Seagrass basket - iPhone 3d scan
objaverse_7ec228e046b84b89bf1edd74598e55b8,basket,decor,objaverse,CC-BY-4.0,0.6248,0.4842,0.2371,pending,keep?,,,Indian Towel Basket
objaverse_7f39b77440c4416cab9dbba79f3262a2,basket,decor,objaverse,CC-BY-4.0,0.3398,0.3398,0.1633,removed,removed,"the title names bowl, not a basket",,Terracotta Bowl
objaverse_837171e3015b43498b087f3852f9b8cc,basket,decor,objaverse,CC-BY-4.0,1.0459,0.8695,0.2079,pending,keep?,,,rattan fruit basket
objaverse_8a3f51d301974cab8b5761119ead0ead,basket,decor,objaverse,CC-BY-4.0,0.226,0.226,0.3153,pending,keep?,,,Clothes Basket
objaverse_964bc8cb4cda4c44955493ab7af25e44,basket,decor,objaverse,CC-BY-4.0,0.2536,0.2459,0.254,pending,keep?,,,Fruit Rattan Basket
objaverse_9c10ce62bfac419290f5ab20c070c503,basket,decor,objaverse,CC-BY-4.0,0.2977,0.2977,0.2113,pending,keep?,,,QHD-04 Bakul Mini Serbaguna
objaverse_9c617106f68f4e00862bce68531d36c2,basket,decor,objaverse,CC-BY-4.0,0.55,0.55,0.393,pending,keep?,,,Cesto de Palha
objaverse_a0b900d9de78485bad2534a88e2c19c4,basket,decor,objaverse,CC-BY-4.0,0.5072,0.5072,0.5476,pending,keep?,,,Basket
objaverse_a548ec65b43844fb90f570ba132a0391,basket,decor,objaverse,CC-BY-4.0,0.304,0.2115,0.2026,pending,keep?,,,OVAL FRUIT BASKET
objaverse_bb7e9cf4496f420c8d825d2e507f124b,basket,decor,objaverse,CC-BY-4.0,0.495,0.4805,0.3785,pending,keep?,,,Bread in Basket
objaverse_be0b7e93e66a4d4c84c2d0a13fe1852a,basket,decor,objaverse,CC-BY-4.0,0.495,0.4805,0.3785,removed,removed,"a copy of objaverse_bb7e9cf4496f420c8d825d2e507f124b (box +-1 cm, faces +-1%, same texture)",,Bread In Basket
objaverse_cabd5910411b497a9698931246faa95a,basket,decor,objaverse,CC-BY-4.0,0.366,0.3301,0.2335,pending,keep?,,,Dobi Basket
abo_B078JM52VN,tray,decor,abo,CC-BY-4.0,0.4437,0.3037,0.0842,pending,keep?,,,"Amazon Brand – Rivet Mid Century Modern Glam Serving Tray - 3.5 x 11 x 11 Inch, Gold and Blue"
abo_B078JMXRGC,tray,decor,abo,CC-BY-4.0,0.3869,0.2314,0.062,pending,keep?,,,"Amazon Brand – Rivet Modern Stone and Birch Natural Edge Serving Decor Tray - 15.5 x 9 x 2.5 Inch, Black and Wood"
abo_B07B8M878P,tray,decor,abo,CC-BY-4.0,0.4946,0.297,0.1008,pending,keep?,,,"Amazon Brand – Rivet Contemporary Decorative Large and Small Metal Tray Set - Pack of 2, Black"
abo_B07B8NV9TK,tray,decor,abo,CC-BY-4.0,0.5426,0.4382,0.0689,pending,keep?,,,"Amazon Brand – Rivet Contemporary Decorative Round Metal Serving Tray with Handles, 17.5 Inch, Black and Gold"
objaverse_085dca6d7eaa49a2bc459adfe3357da9,tray,decor,objaverse,CC-BY-4.0,0.438,0.176,0.028,removed,removed,"the title names shelf, not a tray",,SIMPLE Shelf
objaverse_398c1b3b8114409a89eb02f9b42f8064,tray,decor,objaverse,CC-BY-4.0,0.4636,0.2852,0.15,pending,keep?,,,Aluminum tray
objaverse_3a406e651e69409e87323ab42a214874,tray,decor,objaverse,CC-BY-4.0,0.1627,0.3335,0.15,pending,vision?,,,Pia Texturizada por Wellington Marques
objaverse_3dc49a977873417088384f5ae78c5a6c,tray,decor,objaverse,CC-BY-4.0,0.2251,0.1585,0.0635,removed,removed,"the title names bento, not a tray",,Unagyu-bento
objaverse_3e7747b1db4b44a4952d6d94488ee16e,tray,decor,objaverse,CC-BY-4.0,0.366,0.5123,0.0431,pending,keep?,,,Dinner Tray
objaverse_3ed0c8a70da84ee99816fa29e352ac16,tray,decor,objaverse,CC-BY-4.0,0.6099,0.1712,0.15,removed,removed,"the title names couch, not a tray | the title says low poly: not photoreal",,Low Poly Couch
objaverse_4b8d86761f9440cfb324d0b4d07336ff,tray,decor,objaverse,CC-BY-4.0,0.3868,0.2684,0.0752,pending,keep?,,,Wooden flat filing tray
objaverse_545d37a90a7d4c00b5e5bc551c71fbbf,tray,decor,objaverse,CC-BY-4.0,0.433,0.433,0.0504,removed,removed,"the title names светильник, not a tray",,Светильник DL303-L7W Maytoni
objaverse_74c95870e2a141a9903815715d25b8a7,tray,decor,objaverse,CC-BY-4.0,0.3952,0.4501,0.15,pending,fix?,,,Laundry Basket
objaverse_8c63e5e160064cd3862e4b5f8781032b,tray,decor,objaverse,CC-BY-4.0,0.433,0.433,0.0456,removed,removed,"the title names светильник, not a tray",,Светильник DL303-L12W Maytoni /40
objaverse_985b48efbd774f8f9fa74304508cad34,tray,decor,objaverse,CC-BY-4.0,0.3543,0.354,0.15,removed,removed,"the title names sink, not a tray",,FRUTTI GIALLI - SQUARE SINK FROM ITALY
objaverse_acca44bccd9e4d82ba0e2ed0eb1e478c,tray,decor,objaverse,CC-BY-4.0,0.1963,0.1464,0.1027,pending,vision?,,,pote.c4d
objaverse_c1e6ac573c37485f9e7acaaae418df30,tray,decor,objaverse,CC-BY-4.0,0.4594,0.7579,0.0485,removed,removed,"the title names cutting board, not a tray",,Cutting board
objaverse_c274989766c344ac97817f77a046c0e0,tray,decor,objaverse,CC-BY-4.0,0.6193,0.3027,0.0962,pending,vision?,,,Platform
objaverse_e736a1e7cdcb48a5a4f2ca4100d52d28,tray,decor,objaverse,CC-BY-4.0,0.146,0.216,0.023,pending,vision?,,,Доработка дно пирожницы h=23 l=75 без рёбер
objaverse_f8a2cdc9970846da95585a428697d173,tray,decor,objaverse,CC-BY-4.0,0.4008,0.4678,0.0231,pending,keep?,,,NHB_Dislocations_Tray
abo_B076V9MWFL,clock,decor,abo,CC-BY-4.0,0.2932,0.0403,0.2932,pending,keep?,,,"Amazon Brand - Solimo 12"" Wall Clock - Paramount Dark Paneling (Silent Movement, Black Frame)"
abo_B076VG6LF3,clock,decor,abo,CC-BY-4.0,0.2999,0.06,0.2999,pending,keep?,,,"Amazon Brand - Solimo 12-inch Wall Clock - Different Strokes (Step Movement, Black Frame)"
abo_B07B8NSY3Z,clock,decor,abo,CC-BY-4.0,0.7047,0.0316,0.7047,pending,keep?,,,"Amazon Brand – Stone & Beam Large Battery Operated Square Art Deco Wood Wall Clock - 27 Inch, White"
abo_B07B8NZMZF,clock,decor,abo,CC-BY-4.0,0.8434,0.0253,0.8434,pending,keep?,,,"Amazon Brand – Stone & Beam Vintage Farmhouse Style Decorative Metal Wall Clock - 32 Inches, Black"
abo_B07B8NZQF3,clock,decor,abo,CC-BY-4.0,0.3135,0.0403,0.3135,pending,keep?,,,"Amazon Brand – Rivet Modern Minamalist Wood-Face Clock, 12""H, Walnut"
abo_B07B8P1SB7,clock,decor,abo,CC-BY-4.0,0.3135,0.0293,0.3135,pending,keep?,,,"Amazon Brand – Rivet Modern Minamalist Wood-Face Clock, 12""H, Natural"
abo_B07B8PXJJW,clock,decor,abo,CC-BY-4.0,0.3135,0.0404,0.3135,pending,keep?,,,"Rivet Modern Brass Clock, 12""H, Green"
abo_B07B8PXMRT,clock,decor,abo,CC-BY-4.0,0.4539,0.0377,0.4539,pending,keep?,,,"Amazon Brand – Rivet Modern Clock, 18""H, Black/Brass"
abo_B07B8PXTVL,clock,decor,abo,CC-BY-4.0,0.5952,0.0287,0.5952,pending,keep?,,,"Amazon Brand – Stone & Beam Round Battery Operated Vintage Decorative Wall Clock - 23 Inch, Black Wood"
abo_B07B8XC5QS,clock,decor,abo,CC-BY-4.0,0.3606,0.0305,0.9652,pending,keep?,,,"Amazon Brand – Stone & Beam Farmhouse Decor Wall Clock and Mail Storage Organizer - 38 Inch, Wood with Black Detail"
objaverse_01fb2f80dad74a2280a4c077d871b262,clock,decor,objaverse,CC-BY-4.0,0.3473,0.273,1.2739,removed,removed,"the title names grandfather clock, not a clock",,Grandfather Clock
objaverse_07859442442f4d24995ab93e1533106f,clock,decor,objaverse,CC-BY-4.0,0.3436,0.276,0.7521,pending,keep?,,,Wall clock old
objaverse_2533ef500ece4fcc804872c706df036b,clock,decor,objaverse,CC-BY-4.0,0.9591,0.0989,0.9591,pending,keep?,,,(FREE) Wall Clock | ساعة جدارية
objaverse_26d52ce7c2d2461eb0625875bffbe0f0,clock,decor,objaverse,CC-BY-4.0,0.4555,0.2081,0.9559,pending,keep?,,,antique clock
objaverse_5c1723090dd3487aabcb2b2d5bc35c07,clock,decor,objaverse,CC-BY-4.0,0.3951,0.2117,0.4149,pending,keep?,,,Bedside Wooden Clock
objaverse_8c95c5e879f24f8294d9c8c25804ab95,clock,decor,objaverse,CC-BY-4.0,0.305,0.0269,0.305,pending,keep?,,,CC0 - Wall Clock 3
objaverse_c440d78639b74e77ba6ae375f9cbf5b7,clock,decor,objaverse,CC-BY-4.0,0.4165,0.2277,0.5214,pending,keep?,,,Broken Steampunk Clock
objaverse_cdb717c843c64685acc4ae712f028864,clock,decor,objaverse,CC-BY-4.0,0.4569,0.2075,1.0943,pending,keep?,,,Europe Style Wooden Clock
objaverse_db31a6c16269415cafee6c2fe7377fb3,clock,decor,objaverse,CC-BY-4.0,0.3077,0.1331,0.4976,pending,keep?,,,Old Clock For You
objaverse_dfe6f89d65be4a23b28abf07178efebf,clock,decor,objaverse,CC0,0.1226,0.1166,0.1223,removed,removed,the title says galvanometer: not the object,,Western Electric Tangent Galvanometer
gen_sculpture_japandi_1_136a4ec5,sculpture,decor,generated,"generated (TRELLIS.2-4B, MIT)",0.5259,0.4048,1.0037,pending,vision?,,,Generated japandi sculpture (1)
gen_sculpture_scandinavian_1_6ac6cfa2,sculpture,decor,generated,"generated (TRELLIS.2-4B, MIT)",0.5648,0.3514,1.0038,pending,vision?,,,Generated scandinavian sculpture (1)
objaverse_1f60399f99304ff087274e0e39352389,sculpture,decor,objaverse,CC-BY-4.0,0.4507,0.2338,1.3,pending,vision?,,,Juan Bordes - Lacquered bronze
objaverse_2983d92ac4e744f485492580ca7629f2,sculpture,decor,objaverse,CC0,0.426,0.3912,1.3,pending,keep?,,,Venus de Milo #StatuesTexturingChallenge [SMK]
objaverse_36bb9a6e62ab4b88b7154c41489b5f41,sculpture,decor,objaverse,CC-BY-4.0,0.4612,0.4892,0.9185,removed,removed,the title says low poly: not photoreal,,Fountain - low-poly
objaverse_5700b45309a04d1f93de859bf44da6b0,sculpture,decor,objaverse,CC-BY-4.0,0.475,0.475,0.5478,pending,keep?,,,Aliens and Herons - Sitting Nude - Sculpture
objaverse_636f635cf2f64bad9aa836c0bb252fb6,sculpture,decor,objaverse,CC-BY-4.0,0.5229,0.4315,0.6518,pending,vision?,,,Three Danish Polar Explorers
objaverse_65fe1034b180420bbf2eb00e87092ad5,sculpture,decor,objaverse,CC-BY-4.0,0.5945,0.3795,0.6364,pending,keep?,,,"Sea lion statue, Marina, San Francisco (1)"
objaverse_668237aabbf54beeb347bbaa7be930c7,sculpture,decor,objaverse,CC-BY-4.0,0.4559,0.4949,0.8473,pending,vision?,,,Photogrammetry/retopology - Cherub
objaverse_71edd9efc26548758924ec455ac4a197,sculpture,decor,objaverse,CC-BY-4.0,0.4385,0.5145,0.8596,pending,keep?,,,Girl With Amphora - Statue
objaverse_7fa78479a63b4358bd1edeba44f8266f,sculpture,decor,objaverse,CC-BY-4.0,0.4804,0.363,1.3,pending,keep?,,,Statue d'époque romaine / Statue roman period
objaverse_a8e5239b1b2445b8b8e97cb1c3e3d60f,sculpture,decor,objaverse,CC-BY-4.0,0.2321,0.1885,0.386,pending,keep?,,,Eurydike Statue
objaverse_afb7e0918a2549788aaa83476adf5b8d,sculpture,decor,objaverse,CC-BY-4.0,0.4612,0.3346,0.3901,pending,vision?,,,Мужчина из грота Ля-Ферраси
objaverse_bac9ee64eb454a66a637ae0c20f56364,sculpture,decor,objaverse,CC-BY-4.0,0.1631,0.4671,0.1669,removed,removed,the title says cemiterio: an outdoor piece,,Anjo de Cemitério/ Angel Cemitery
objaverse_ce5c3a6781574d0093ee3b7b67d61851,sculpture,decor,objaverse,CC-BY-4.0,0.2447,0.4242,0.6139,pending,keep?,,,316: Bust of Sidonie Leblonde
objaverse_d3f9aaecb7e94b12bc28256c85a40ce0,sculpture,decor,objaverse,CC-BY-4.0,0.4677,0.4825,1.1933,pending,keep?,,,Minotaur Statue
objaverse_e705883c8cd9496986b64f74083f720d,sculpture,decor,objaverse,CC-BY-4.0,0.1225,0.1991,0.3142,pending,keep?,,,Sculpture
gen_plant_large_industrial_4_8cd58cf0,plant_large,decor,generated,"generated (TRELLIS.2-4B, MIT)",0.4977,0.4884,0.9981,pending,vision?,,,Generated industrial plant large (4)
gen_plant_large_japandi_1_07ff34b0,plant_large,decor,generated,"generated (TRELLIS.2-4B, MIT)",0.4298,0.3966,1.0014,pending,vision?,,,Generated japandi plant large (1)
gen_plant_large_japandi_5_92708e0b,plant_large,decor,generated,"generated (TRELLIS.2-4B, MIT)",0.4458,0.4372,1.0015,pending,vision?,,,Generated japandi plant large (5)
gen_plant_large_mediterranean_4_b7e80c9d,plant_large,decor,generated,"generated (TRELLIS.2-4B, MIT)",0.6378,0.5842,1.0004,pending,vision?,,,Generated mediterranean plant large (4)
gen_plant_large_minimal_4_71886746,plant_large,decor,generated,"generated (TRELLIS.2-4B, MIT)",0.5576,0.5238,1.0013,pending,vision?,,,Generated minimal plant large (4)
gen_plant_large_modern_4_2b0c9146,plant_large,decor,generated,"generated (TRELLIS.2-4B, MIT)",0.4934,0.5118,1.0015,pending,vision?,,,Generated modern plant large (4)
gen_plant_large_modern_minimal_1_06ccb749,plant_large,decor,generated,"generated (TRELLIS.2-4B, MIT)",0.5683,0.5706,1.0015,pending,vision?,,,Generated modern minimal plant large (1)
gen_plant_large_modern_minimal_4_00c38373,plant_large,decor,generated,"generated (TRELLIS.2-4B, MIT)",0.3948,0.3746,1.0005,pending,vision?,,,Generated modern minimal plant large (4)
gen_plant_large_scandinavian_1_2265e7c5,plant_large,decor,generated,"generated (TRELLIS.2-4B, MIT)",0.5734,0.6182,0.9997,pending,vision?,,,Generated scandinavian plant large (1)
gen_plant_large_scandinavian_5_c7cc94ed,plant_large,decor,generated,"generated (TRELLIS.2-4B, MIT)",0.569,0.5812,1.0017,pending,vision?,,,Generated scandinavian plant large (5)
abo_B0711Q7WK7,pendant_light,decor,abo,CC-BY-4.0,0.4871,0.4313,1.7642,pending,keep?,,,"Amazon Brand – Rivet Modern Industrial Geometric Cage Pendant Chandelier Fixture With Light Bulb - 10.5 x 10.5 Inch, 14.75-62.75 Inch Cord, White"
abo_B0716WLY2Y,pendant_light,decor,abo,CC-BY-4.0,0.2703,0.1203,0.3497,pending,keep?,,,"Amazon Brand – Stone & Beam Industrial Farmhouse Double Pendant Ceiling Chandelier with Pulley, Light Bulbs Included, Adjustable 40""-65"" Cord, Black"
abo_B0716WM8TJ,pendant_light,decor,abo,CC-BY-4.0,0.4917,0.4917,0.8695,pending,keep?,,,"Amazon Brand – Stone & Beam Modern Dome Ceiling Mount Hanging Pendant Light Fixture With Vintage Bulb - 19.6 Inch Shade, 11.25 - 60 Inch Cord, Oil-Rubbed Bronze"
abo_B0716YRXBG,pendant_light,decor,abo,CC-BY-4.0,0.3313,0.3313,0.9932,pending,keep?,,,"Amazon Brand – Stone & Beam Modern Farmhouse Round Shade Hanging Pendant Chandelier Fixture With Vintage Light Bulb - 10.25 Inch Shade, 8 - 56.75 Inch Cord, Black"
abo_B0719K9G5L,pendant_light,decor,abo,CC-BY-4.0,0.1821,0.1821,0.768,pending,keep?,,,"Amazon Brand – Stone & Beam Vintage Ceiling Pendant Lighting Fixtureand Clear Glass Shade - 7 x 7 x 17.25 Inches, 11.75 - 59.25 Inch Cord, Oil Rubbed Bronze"
abo_B071F6W28T,pendant_light,decor,abo,CC-BY-4.0,0.1512,0.1646,0.8509,pending,keep?,,,"Amazon Brand – Stone & Beam Emmons Industrial Ceiling Pendant Chandelier Fixture With Light Bulb, Adjustable 11.25""- 59.25""H, Oil-Rubbed Bronze"
abo_B071F73XDB,pendant_light,decor,abo,CC-BY-4.0,0.3357,0.3357,1.5385,pending,keep?,,,"Amazon Brand – Rivet Hugh Mid-Century Modern Round Pendant Chandelier Ceiling Light, Bulb Included, 12-60""H Adjustable Cord, Chrome and Glass"
abo_B071HSMPHL,pendant_light,decor,abo,CC-BY-4.0,0.6229,0.1884,1.4083,pending,keep?,,,"Amazon Brand – Rivet Hugh Mid-Century Modern 3-Light Pendant Chandelier Ceiling Light, Bulbs Included, 12-60""H Adjustable Cords, Chrome and Glass"
abo_B071HSMWGB,pendant_light,decor,abo,CC-BY-4.0,0.2993,0.2993,0.9351,pending,keep?,,,"Amazon Brand – Stone & Beam Modern Round Ceiling Pendant Chandelier Fixture - 12 Inch Shade, 12.5 - 60.5 Inch Cord, Brushed Nickel"
abo_B071LDM8NL,pendant_light,decor,abo,CC-BY-4.0,0.1232,0.1232,0.9198,pending,keep?,,,"Amazon Brand – Stone & Beam Jordan Industrial Farmhouse Ceiling Single Pendant Cage Fixture With Light Bulb - 4.8 x 4.8 Inches, 10.75 x 58.75 Inch Cord, Black"
abo_B07374K537,pendant_light,decor,abo,CC-BY-4.0,0.508,0.508,1.0666,pending,keep?,,,"Amazon Brand – Stone & Beam Classic Ceiling Pendant Chandelier Fixture With White Drum Shade- 20 x 20 x 42 Inches, Antique Brass"
abo_B075X2LLX3,pendant_light,decor,abo,CC-BY-4.0,0.8227,0.1848,0.935,pending,keep?,,,"Amazon Brand – Stone & Beam Mesh 4-Light Pendant Chandelier With Edison Bulbs, 40""H, Black"
abo_B07B4VSTF6,pendant_light,decor,abo,CC-BY-4.0,0.8056,0.3809,1.0688,pending,keep?,,,"Amazon Brand – Stone & Beam Rustic Rectangular Beam Ceiling Chandelier With 8 Edison Light Bulbs - 32 x 14,25 x 27.5 Inches, Oil Rubbed Bronze"
abo_B07HKCRWJH,pendant_light,decor,abo,CC-BY-4.0,0.408,0.408,0.758,pending,keep?,,,"Amazon Brand – Rivet Mid-Century Modern Ceiling Hanging Pendant Fixture with Light Bulb - 14.25 x 14.25 x 11.25 Inches, 12-120 Inch Cord, Satin Brass"
abo_B082JH6PRL,pendant_light,decor,abo,CC-BY-4.0,0.407,0.4063,1.9555,pending,keep?,,,"Amazon Brand – Stone & Beam Traditional Globe Pendant Light with White Inner Shade & Rattan Outer Shade, 16""H, Natural Twine"
objaverse_069fe37a0f144d8387db9b4594c501af,pendant_light,decor,objaverse,CC-BY-4.0,0.2828,0.0954,0.3302,removed,removed,"the title names wall sconce, not a pendant_light",,Copper wall sconce
objaverse_0fcc68b789fb41bf827e999c2681a4a1,pendant_light,decor,objaverse,CC-BY-4.0,0.64,0.5752,0.9948,pending,keep?,,,Люстра 2139-6P Favourite
objaverse_366b50081c884690bb2ce4df6dacad59,pendant_light,decor,objaverse,CC-BY-4.0,0.7695,0.7695,0.7685,pending,vision?,,,Chandolier2
objaverse_5fc95fddd9cb4038b767fc5cba588c4b,pendant_light,decor,objaverse,CC-BY-4.0,0.69,0.69,1.1413,pending,keep?,,,Chandelier
objaverse_600a996f3b9e44fd912beb8129b5f929,pendant_light,decor,objaverse,CC-BY-NC-4.0,0.1092,0.1133,0.2507,removed,removed,licence CC-BY-NC-4.0 not allowed (user decision of 10 Oct 2026),,Small Chandelier
abo_B07B4VSTG2,ceiling_light,decor,abo,CC-BY-4.0,0.2794,0.2794,0.2694,pending,keep?,,,"Amazon Brand – Stone & Beam Schoolhouse Semi-Flush Mount Ceiling Fixture With Light Bulb And Clear Glass Shade - 11 x 11 x 10.5 Inches, Brushed Nickel"
abo_B07B4Z9BS4,ceiling_light,decor,abo,CC-BY-4.0,0.2794,0.2794,0.2694,pending,keep?,,,"Amazon Brand – Stone & Beam Schoolhouse Semi-Flush Mount Ceiling Fixture With Light Bulb And Clear Glass Shade - 11 x 11 x 10.5 Inches, Matte Black"
abo_B07QC9Y53F,ceiling_light,decor,abo,CC-BY-4.0,0.3546,0.356,0.1019,pending,keep?,,,"Amazon Brand – Ravenna Home Casual Flush Mount, 4""H, Brushed Nickel"
abo_B07QGHTCY4,ceiling_light,decor,abo,CC-BY-4.0,0.3681,0.3681,0.1005,pending,keep?,,,"Amazon Brand – Ravenna Home Casual Flush Mount, 3""H, Oil-Rubbed Bronze"
abo_B07QGHVVJW,ceiling_light,decor,abo,CC-BY-4.0,0.3679,0.3679,0.1005,pending,keep?,,,"Ravenna Home Casual Flush Mount, 3""H, Brushed Nickel"
abo_B07QHMYBJ5,ceiling_light,decor,abo,CC-BY-4.0,0.3546,0.356,0.1019,pending,keep?,,,"Amazon Brand – Ravenna Home Casual Flush Mount, 4""H, Oil-Rubbed Bronze"
abo_B0828DHVWJ,ceiling_light,decor,abo,CC-BY-4.0,0.2834,0.2834,0.0969,pending,keep?,,,"Amazon Brand - Ravenna Home Single-Light Flush-Mount Ceiling Light with Seeded Glass Shade, Vintage Edison Bulb Included, 3.8""H, Oil-Rubbed Bronze"
abo_B0828DZ1QL,ceiling_light,decor,abo,CC-BY-4.0,0.2794,0.2801,0.1348,pending,keep?,,,"Amazon Brand - Ravenna Home Single-Light Flush-Mount Ceiling Light with Frosted Glass Shade, 5.3""H, Bronze"
abo_B0828F59QW,ceiling_light,decor,abo,CC-BY-4.0,0.3308,0.3308,0.2117,pending,keep?,,,"Amazon Brand - Ravenna Home 2-Light Semiflush-Mount Ceiling Light with Frosted Glass Shade, 8.3""H, Dark Bronze"
abo_B0828F62FS,ceiling_light,decor,abo,CC-BY-4.0,0.2794,0.2801,0.1348,pending,keep?,,,"Amazon Brand - Ravenna Home Single-Light Flush-Mount Ceiling Light with Frosted Glass Shade, 5.3""H, Brushed Steel"
abo_B0828F9CR3,ceiling_light,decor,abo,CC-BY-4.0,0.3607,0.3607,0.1305,pending,keep?,,,"Amazon Brand - Ravenna Home 2-Light Flush-Mount Ceiling Light with White Frosted Glass Shade, 5.1""H, Dark Bronze"
abo_B0828FFDWG,ceiling_light,decor,abo,CC-BY-4.0,0.3607,0.3607,0.1305,pending,keep?,,,"Amazon Brand - Ravenna Home 2-Light Flush-Mount Ceiling Light with White Frosted Glass Shade, 5.1""H, Brushed Steel"
abo_B082DPC6Z1,ceiling_light,decor,abo,CC-BY-4.0,0.3549,0.3549,0.1765,pending,keep?,,,"Amazon Brand – Rivet Single-Light Flush-Mount Ceiling Light with Metal Shade, 7""H, White and Brass"
abo_B082DPXR2Z,ceiling_light,decor,abo,CC-BY-4.0,0.3549,0.3549,0.1773,pending,keep?,,,"Amazon Brand – Rivet Single-Light Flush-Mount Ceiling Light with Metal Shade, 7""H, Black and Brass"
abo_B082JHT8Z6,ceiling_light,decor,abo,CC-BY-4.0,0.3042,0.3043,0.2693,pending,keep?,,,"Amazon Brand – Stone & Beam Traditional Semiflush-Mount Ceiling Light with Clear Glass Shade, 10.5""H, Oil-Rubbed Bronze"
gen_ceiling_light_japandi_1_200ebd4d,ceiling_light,decor,generated,"generated (TRELLIS.2-4B, MIT)",1.0025,1.0025,0.5396,pending,vision?,,,Generated japandi ceiling light (1)
gen_ceiling_light_scandinavian_1_3482d35d,ceiling_light,decor,generated,"generated (TRELLIS.2-4B, MIT)",1.003,1.0033,0.4503,pending,vision?,,,Generated scandinavian ceiling light (1)
sofa_02,sofa,furniture,polyhaven,CC0,1.8072,0.8178,0.7095,pending,keep?,,,Sofa 02
Sofa_01,sofa,furniture,polyhaven,CC0,1.5715,0.658,0.7965,pending,keep?,,,Sofa 01
sofa_03,sofa,furniture,polyhaven,CC0,2.7312,0.9251,1.1183,pending,keep?,,,Sofa 03
ArmChair_01,armchair,furniture,polyhaven,CC0,0.8484,0.7658,1.0651,pending,keep?,,,Arm Chair 01
modern_arm_chair_01,armchair,furniture,polyhaven,CC0,0.8203,0.9866,1.0229,pending,keep?,,,Modern Arm Chair 01
mid_century_lounge_chair,armchair,furniture,polyhaven,CC0,1.0086,1.1903,1.1691,pending,keep?,,,Mid Century Lounge Chair
gallinera_chair,chair,furniture,polyhaven,CC0,0.5808,0.6039,1.0337,pending,keep?,,,Gallinera Chair
painted_wooden_chair_02,chair,furniture,polyhaven,CC0,0.6394,0.6621,1.2638,pending,keep?,,,Painted Wooden Chair 02
dining_chair_02,chair,furniture,polyhaven,CC0,0.4336,0.5764,0.9734,pending,keep?,,,Dining Chair 02
dining_table,table_dining,furniture,polyhaven,CC0,2.2559,1.3902,0.877,pending,keep?,,,Dining Table
wooden_table_02,table_dining,furniture,polyhaven,CC0,1.1344,0.706,0.7995,pending,keep?,,,Wooden Table 02
painted_wooden_table,table_dining,furniture,polyhaven,CC0,2.4056,1.137,0.9586,pending,keep?,,,Painted Wooden Table
CoffeeTable_01,table_coffee,furniture,polyhaven,CC0,1.54,0.9728,0.5232,pending,keep?,,,Coffee Table 01
modern_coffee_table_01,table_coffee,furniture,polyhaven,CC0,1.2018,0.6,0.39,pending,keep?,,,Modern Coffee Table 01
modern_coffee_table_02,table_coffee,furniture,polyhaven,CC0,1.1991,1.1997,0.3692,pending,keep?,,,Modern Coffee Table 02
metal_office_desk,desk,furniture,polyhaven,CC0,2.0,0.9472,0.7875,pending,keep?,,,Metal Office Desk
WoodenTable_01,desk,furniture,polyhaven,CC0,1.7996,0.6572,0.5488,removed,removed,"proportions 1.80 x 0.66 x 0.55 m fit no real desk (width (0.9, 2.0), depth (0.5, 0.9), height (0.65, 1.2))",,Wooden Table 01
SchoolDesk_01,desk,furniture,polyhaven,CC0,0.7118,0.546,0.8826,pending,fix?,,"{""rescale"": 1.2276}",School Desk 01
GothicBed_01,bed_double,furniture,polyhaven,CC0,1.4938,2.04,1.5338,pending,keep?,,,Gothic Bed 01
ClassicNightstand_01,nightstand,furniture,polyhaven,CC0,0.5678,0.4242,0.7,pending,keep?,,,Classic Nightstand 01
side_table_01,nightstand,furniture,polyhaven,CC0,0.55,0.45,0.5507,pending,keep?,,,Side Table 01
painted_wooden_nightstand,nightstand,furniture,polyhaven,CC0,0.5046,0.5087,0.6155,pending,keep?,,,Painted Wooden Nightstand
wooden_display_shelves_01,bookshelf,furniture,polyhaven,CC0,1.0778,0.3715,1.5562,pending,keep?,,,Wooden Display Shelves 01
Shelf_01,bookshelf,furniture,polyhaven,CC0,1.0034,0.257,2.0803,pending,keep?,,,Shelf 01
wooden_bookshelf_worn,bookshelf,furniture,polyhaven,CC0,1.374,0.5813,2.0634,pending,fix?,,"{""rescale"": 0.7974}",Wooden Bookshelf Worn
modern_wooden_cabinet,tv_unit,furniture,polyhaven,CC0,2.44,0.52,0.6801,pending,keep?,,,Modern Wooden Cabinet
WoodenTable_03,tv_unit,furniture,polyhaven,CC0,1.3269,0.5753,0.8301,pending,keep?,,,Wooden Table 03
GothicCommode_01,dresser,furniture,polyhaven,CC0,1.2014,0.5807,1.212,pending,keep?,,,Gothic Commode 01
vintage_wooden_drawer_01,dresser,furniture,polyhaven,CC0,0.8576,0.4574,0.5454,pending,vision?,,,Vintage Wooden Drawer 01
electric_stove,stove,furniture,polyhaven,CC0,0.5026,0.6476,0.8587,pending,keep?,,,Electric Stove
throw_pillows_01,cushion,decor,polyhaven,CC0,0.9401,0.4519,0.4502,pending,keep?,,,Throw Pillows 01
potted_plant_01,plant,decor,polyhaven,CC0,0.5874,0.6336,1.3502,pending,keep?,,,Potted Plant 01
potted_plant_02,plant,decor,polyhaven,CC0,0.7012,0.6574,0.8412,pending,keep?,,,Potted Plant 02
potted_plant_04,plant,decor,polyhaven,CC0,0.1679,0.1848,0.2675,pending,keep?,,,Potted Plant 04
